Display Name,Internal Name,modid,eggfestival_setup,eggfestival_mainevent,eggfestival_setup_y2,eggfestival_mainevent_y2,eggfestival_setup_sve,eggfestival_mainevent_sve,eggfestival_setup_y2_sve,eggfestival_mainevent_y2_sve,flowerdance_setup,flowerdance_mainevent,flowerdance_setup_y2,flowerdance_mainevent_y2,flowerdance_setup_sve,flowerdance_mainevent_sve,flowerdance_setup_y2_sve,flowerdance_mainevent_y2_sve,moonlightjellies_setup,moonlightjellies_setup_y2,moonlightjellies_setup_sve,moonlightjellies_setup_y2_sve,svfair_setup,svfair_setup_y2,svfair_setup_sve,svfair_setup_y2_sve,spiriteve_setup,spiriteve_setup_y2,spiriteve_setup_sve,spiriteve_setup_y2_sve,icefestival_setup,icefestival_mainevent,icefestival_setup_sve,icefestival_mainevent_sve,winterstar_setup,winterstar_setup_y2,winterstar_setup_sve,winterstar_setup_y2_sve,luau_setup,luau_mainevent,luau_setup_y2,luau_mainevent_y2,luau_setup_sve,luau_mainevent_sve,luau_setup_y2_sve,luau_mainevent_y2_sve,moonlightjellies_mainevent,moonlightjellies_mainevent_sve,moonlightjellies_mainevent_y2,moonlightjellies_mainevent_y2_sve,icefestival_setup_y2,icefestival_mainevent_y2,icefestival_setup_y2_sve,icefestival_mainevent_y2_sve,gathering_setup,gathering_mainevent,gathering_setup_y2,gathering_mainevent_y2,embers_setup,embers_mainevent,embers_setup_y2,embers_mainevent_y2,spiriteve_mainevent,spiriteve_mainevent_y2,spiriteve_mainevent_sve,spiriteve_mainevent_y2_sve,winterstar_mainevent,winterstar_mainevent_y2,winterstar_mainevent_sve,winterstar_mainevent_y2_sve
Jeremy,JeremyTSnail,7thAxis.LitD,24 104,,,,24 104,,,,65 48,,,,65 48,,,,91 41,,91 41,,24 104,,24 104,,24 104,,24 104,,79 47,,,,24 104,,24 104,,51 47,,,,51 47,,,,,,,,,,,,,,,,,,,,,,,,,,,
Sen,SenS,7thAxis.LitD,37 96,37 96,,,37 96,37 96,,,49 32,21 33,,,49 32,21 33,,,46 24,,46 24,51 25,56 52,,49 32,27 30,32 16,64 16,73 4,62 17,57 42,,57 42,,47 71,,47 71,,53 22,41 22,,35 19,53 22,41 22,,35 19,,,,,,,,,127 35,76 49,,,40 25,25 47,,,,,,,,,,
Trace,TraceV,7thAxis.LitD,45 80,33 65,,26 65,45 80,33 65,,26 65,50 44,13 33,,,50 44,13 33,,,93 41,,93 41,,32 89,,32 89,,27 13,6 15,,,56 43,,56 43,,33 90,,33 90,,33 43,43 16,,28 4,33 43,43 16,,28 4,,,,,,,,,,,,,,,,,,,,,,,,
Aymeric,Aymeric,Adaire.Aymeric,36 64,25 62,36 64,25 62,36 64,33 62,36 64,33 62,20 41,23 23,8 33,23 23,20 41,23 27,8 33,23 23,25 36,25 36,25 36,25 36,17 64,45 79,17 64,45 79,36 72,14 62,36 69,14 62,62 25,69 27,61 25,69 24,39 57,37 72,37 69,34 59,25 7,26 36,21 15,28 18,25 7,30 11,21 15,28 18,25 36,26 36,25 36,26 36,62 43,77 39,62 43,59 33,,,,,,,,,36 72,36 72,36 72,36 72,24 74,37 72,23 74,34 59
Magpie,Magpie,Adelaide.Magpie1.6,35 57,36 69,35 57,37 61,35 57,36 69,35 57,37 61,8 35,9 30,8 35,9 30,8 35,9 30,8 35,9 30,64 16,64 16,64 16,64 16,26 79,33 68,26 79,33 68,19 28,19 28,19 28,19 28,83 34,83 34,83 34,83 34,25 68,23 68,25 68,23 68,40 19,40 19,24 9,24 9,40 19,40 19,24 9,24 9,64 16,64 16,64 16,64 16,54 31,54 31,54 31,54 31,,,,,,,,,,,,,,,,
Dao,AirynDao,Airyn.Dao.CP,69 73,69 73,,,69 73,69 73,,,24 48,13 32,,,24 48,13 32,,,58 38,,58 38,,58 31,,58 31,,27 19,44 10,,,52 27,52 27,,,63 73,,63 73,,61 28,31 14,,,61 28,31 14,,,,,,,,,,,89 62,96 45,,,51 44,52 43,,,,,,,63 73,,63 73,
Kenzie,Kenzie,AndrewJC.APelicanTown,30 66,29 65,32 64,,30 66,29 65,32 64,,5 20,5 27,6 20,16 21,5 20,5 25,6 20,16 21,37 31,37 31,37 34,37 31,25 77,31 75,25 77,31 75,27 51,19 40,27 51,19 40,72 29,,72 29,,24 54,,25 53,,33 13,32 10,22 11,26 9,33 13,32 10,22 11,26 9,11 27,11 27,,,72 29,,,,,,,,,,,,,,,,,,,
Thompson,Thompson,AndrewJC.APelicanTown,21 68,21 70,21 68,,21 68,21 70,21 68,,3 20,11 32,3 20,3 20,3 20,11 32,3 20,3 20,53 23,66 23,53 23,66 23,38 69,38 69,38 69,38 69,32 31,19 25,32 31,19 25,62 25,,81 25,,23 67,,42 72,,14 24,27 12,14 24,16 9,14 24,27 12,14 24,16 9,53 23,53 23,,,68 50,,,,,,,,,,,,,,,,,,,
Ashida,APTAshida,AndrewJC.CoalPointFarm,36 65,36 65,21 71,21 71,36 65,36 65,21 71,21 71,18 20,16 21,15 20,15 20,18 20,16 21,15 20,15 20,34 23,,34 23,,33 57,33 57,49 66,49 67,,,,,88 17,,93 33,,22 78,22 78,22 78,22 78,30 18,30 18,16 10,17 9,30 18,30 18,16 10,17 9,34 23,34 23,,,88 17,,93 33,,,,,,,,,,,,,,,,,
Marcus,APTMarcus,AndrewJC.CoalPointFarm,37 77,19 63,26 65,22 69,37 77,19 63,26 65,22 69,13 20,13 20,13 20,13 20,13 20,13 20,13 20,13 20,32 21,,32 21,,63 65,44 94,52 33,44 94,13 16,26 20,37 31,26 20,85 36,,85 36,,18 63,16 55,18 63,16 55,19 17,27 12,40 10,32 14,19 17,27 12,40 10,32 14,32 21,32 21,,,86 17,,89 33,,,,,,,,,,,,,,,,,
Mora,APTMora,AndrewJC.CoalPointFarm,35 66,35 66,23 70,22 70,35 66,35 66,23 70,22 70,20 21,17 20,14 20,14 20,20 21,17 20,14 20,14 20,33 22,,33 22,,62 65,43 94,52 35,43 94,9 16,16 21,53 28,16 21,87 17,,92 33,,22 76,22 77,22 76,22 77,21 16,27 13,41 10,32 15,21 16,27 13,41 10,32 15,33 22,33 22,,,87 17,,92 33,,,,,,,,,,,,,,,,,
Sorren,Sorren,annachibi.SorrenNPC,17 57,,,,17 57,,,,9 41,,,,9 41,,,,89 24,,89 24,,34 82,,,,,,,,71 17,,,,42 78,,42 78,,53 7,,,,53 7,,,,,,,,,,,,,,,,,,,,,,,,,,,
Jonghyuk,Jonghyuk,Arknir.Jonghyuk,62 66,62 65,,,62 66,62 65,,,23 47,23 47,,,23 47,23 47,,,58 30,,58 30,,30 70,30 72,30 70,30 72,26 53,26 53,26 55,26 55,75 30,64 46,75 30,64 46,60 64,,60 64,,20 18,20 18,,,20 18,20 18,,,58 30,58 30,,,,,,,83 42,83 42,,,50 26,50 54,,,,,,,,,,
Lucikiel,Lucikiel,Arknir.Lucikiel,32 55,,,,32 56,,,,10 41,10 41,,,23 32,10 41,,,39 32,,42 36,,39 80,,31 76,,29 26,,29 28,,64 17,,74 17,,38 57,,27 55,,32 16,,,,32 16,,,,,,,,,,,,,,,,,,,,,,,,,,,
Lani,LaniSBV,atelier99.LaniCC,62 66,62 66,,,62 66,62 66,,,25 47,25 47,,,25 47,25 47,,,59 30,,59 30,,29 70,,29 70,,27 56,,27 56,,78 34,78 34,83 27,82 34,59 68,,59 68,,19 17,19 17,,,19 17,19 17,,,59 30,59 30,,,,,87 33,83 36,,,,,,,,,,,,,,,,
Nora,Nora,Bagi.Nora.CP,42 79,21 65,42 79,21 65,42 79,21 65,42 79,21 65,58 43,20 21,58 43,20 21,58 43,20 21,58 43,20 21,96 45,96 45,96 45,96 45,43 91,43 91,43 91,43 91,20 31,14 62,20 31,14 62,67 44,78 32,67 44,,33 65,46 61,46 61,32 65,44 17,41 16,39 12,41 16,44 17,41 16,39 12,41 16,96 45,96 45,96 45,96 45,85 38,78 32,85 38,,112 55,67 41,,,28 32,32 44,,,,,,,,,,
Gale,30888_Gale,BaldursVillage.BVCP,15 72,36 62,34 76,36 62,15 72,36 62,34 76,36 62,19 21,22 24,16 33,22 25,19 21,22 24,16 33,22 25,13 6,13 6,13 6,13 6,45 88,48 89,45 88,48 89,33 73,29 62,33 73,29 62,65 27,80 29,65 27,,40 59,40 59,40 59,40 59,21 6,27 13,19 17,20 11,21 6,27 13,19 17,20 11,30 36,30 36,30 36,30 36,65 27,80 29,65 27,,,,,,,,,,,,,,,,,
Alfira,Alfira,BaldursVillage.BVCP,,,,,,,,,10 20,6 20,8 30,6 20,10 20,6 20,8 30,6 20,,,,,25 78,38 77,25 78,38 77,28 59,25 59,28 59,25 59,,,,,,,,,,,,,,,,,,,,,,,,,,,,,,,,,,,,,,,,
Arnell,Arnell,BaldursVillage.BVCP,25 71,24 72,25 71,19 70,25 71,24 72,25 71,19 70,21 22,11 32,13 33,8 32,21 22,11 32,13 33,8 32,,,,,16 64,30 80,16 64,30 80,,,,,,,,,32 58,32 58,32 58,32 58,,,,,,,,,,,,,,,,,,,,,,,,,,,,,,,,
Astarion,Astarion,BaldursVillage.BVCP,,,,,,,,,,,,,,,,,30 21,30 21,30 21,30 21,,,,,27 69,13 61,27 69,13 61,,,,,,,,,,,,,,,,,29 36,29 36,24 36,24 36,,,,,,,,,,,,,,,,,,,,
Emmeline,Emmeline,BaldursVillage.BVCP,24 71,26 73,24 71,26 73,24 71,26 73,24 71,26 73,18 20,12 32,12 33,7 32,18 20,12 32,12 33,7 32,,,,,17 64,31 80,17 64,31 80,,,,,,,,,33 59,33 59,33 59,33 59,,,,,,,,,,,,,,,,,,,,,,,,,,,,,,,,
Halsin,Halsin,BaldursVillage.BVCP,7 65,22 73,38 69,24 62,7 65,22 73,38 69,24 62,11 21,9 20,24 34,9 20,11 21,9 20,24 34,9 20,11 29,11 29,11 29,11 29,20 62,36 61,20 62,36 61,29 16,26 10,29 16,26 10,67 27,77 26,67 27,,33 65,62 66,33 65,62 66,31 4,34 10,29 4,26 9,31 4,34 10,29 4,26 9,26 36,26 36,24 30,24 30,67 27,77 26,67 27,,,,,,,,,,,,,,,,,
Laezel,Laezel,BaldursVillage.BVCP,17 73,35 62,10 65,35 62,17 73,35 62,10 65,35 62,18 22,3 21,8 22,3 21,18 22,3 21,8 22,3 21,21 24,21 24,21 24,21 24,31 81,25 64,31 81,25 64,31 65,31 69,31 65,31 69,64 28,82 33,64 28,,29 56,38 68,29 56,38 68,23 6,40 12,44 21,30 13,23 6,40 12,44 21,30 13,27 36,27 36,27 36,27 36,64 28,82 34,64 28,,,,,,,,,,,,,,,,,
Shadowheart,Shadowheart,BaldursVillage.BVCP,24 70,25 73,24 70,25 73,24 70,25 73,24 70,25 73,17 21,19 20,14 33,19 20,17 21,19 20,14 33,19 20,19 24,19 24,19 24,19 24,47 62,35 61,47 62,35 61,32 64,32 68,32 64,32 68,66 26,78 27,66 26,,31 59,31 59,31 59,31 59,19 24,26 19,21 14,26 19,19 24,26 19,21 14,26 19,31 36,31 36,26 36,26 36,66 26,78 27,66 26,,,,,,,,,,,,,,,,,
Yenna,Yenna,BaldursVillage.BVCP,,,,,,,,,,,,,,,,,,,,,35 66,38 78,35 66,38 78,28 66,33 68,28 66,33 68,,,,,25 68,25 70,25 68,25 70,,,,,,,,,,,,,,,,,,,,,,,,,,,,,,,,
Rolan,Rolan1,BaldursVillage.BVCP,,,,,,,,,,,,,,,,,,,,,43 87,49 89,43 87,49 89,30 24,31 22,30 24,31 22,,,,,,,,,,,,,,,,,,,,,,,,,,,,,,,,,,,,,,,,
Leif,Leif,balverine.autumnnpc,32 79,,,,32 79,,,,4 37,,,,4 37,,,,49 24,,49 24,,17 58,,17 58,,19 41,,19 41,,88 31,,88 31,,46 57,,46 57,,27 14,,,,27 14,,,,,,,,,,,,,,,,,,,,,,,,,,,
Grogu,Grogu,BexTX.MandoNPC,36 72,35 68,,,36 72,35 68,,,,,,,,,,,88 35,,88 35,,60 65,,60 65,,10 18,,10 18,,62 25,66 39,62 25,66 39,30 61,,30 61,,40 25,32 19,,,40 25,32 19,,,,,,,,,,,,,,,,,,,,,,,,,,
Mando,Mando,BexTX.MandoNPC,37 73,35 67,,,37 73,35 67,,,,,,,,,,,88 34,,88 34,,61 65,,61 65,,15 18,,15 18,,61 25,65 39,61 25,65 39,29 61,,29 61,,39 24,31 19,,,39 24,31 19,,,,,,,,,,,,,,,,,,,,,,,,,,
Daulton,Daulton,bigsquishy97.Daulton,16 59,16 59,16 59,16 59,16 59,16 59,16 59,16 59,6 41,6 41,6 41,6 41,6 41,6 41,6 41,6 41,40 24,40 24,40 24,40 24,16 65,,16 65,,32 64,32 64,32 64,32 64,89 40,89 40,89 40,89 40,33 57,33 57,33 57,33 57,14 39,14 39,14 39,14 39,14 39,14 39,14 39,14 39,40 24,40 24,40 24,40 24,89 40,89 40,89 40,89 40,,,,,,,,,,,,,,,,
Maple,Maple,bigsquishy97.Daulton,18 59,18 59,18 59,18 59,18 59,18 59,18 59,18 59,5 41,5 41,5 41,5 41,5 41,5 41,5 41,5 41,39 24,39 24,39 24,39 24,17 65,,17 65,,,,,,,,,,,,,,,,,,,,,,39 24,39 24,39 24,39 24,,,,,,,,,,,,,,,,,,,,
Adrian,Adrian,BURAKMESE.SKE,19 55,19 55,,,19 55,19 55,,,28 26,,,,28 26,,,,13 6,,13 6,,31 59,,31 59,,,,,,,,,,17 62,,17 62,,41 5,,,,41 5,,,,,,,,,,,,,,,,,,,,,,,,,,,
Douglas,Douglas,BURAKMESE.SKE,48 54,48 54,,,48 54,48 54,,,,,,,,,,,8 7,,8 7,,40 68,,40 68,,,,,,,,,,48 55,,48 55,,16 24,,,,16 24,,,,,,,,,,,,,,,,,,,,,,,,,,,
James,James,BURAKMESE.SKE,38 76,38 76,,,38 76,38 76,,,18 20,,,,18 20,,,,,,,,29 68,,29 68,,,,,,,,,,36 71,,36 71,,43 24,,,,43 24,,,,,,,,,,,,,,,,,,,,,,,,,,,
Tina,Tina,BURAKMESE.SKE,16 58,16 58,,,16 58,16 58,,,16 41,,,,16 41,,,,71 23,,71 23,,14 77,,14 77,,,,,,,,,,33 64,,33 64,,13 12,,,,13 12,,,,,,,,,,,,,,,,,,,,,,,,,,,
Vanessa,Vanessa,BURAKMESE.SKE,32 53,32 53,,,32 53,32 53,,,1 41,,,,1 41,,,,10 16,,10 16,,,,,,,,,,,,,,22 72,,22 72,,29 9,,,,29 9,,,,,,,,,,,,,,,,,,,,,,,,,,,
Koda,Koda,CC.Koda.Platonic,,,,,,,,,,,,,,,,,63 21,,63 21,,,,,,,,,,71 50,67 42,71 50,,40 59,,40 59,,37 24,30 12,,,37 24,30 12,,,24 34,24 34,,,,,,,,,,,,,,,,,,,40 59,,40 59,
Taro,Taro,CC.Taro,8 64,8 64,,,8 64,8 64,,,25 30,25 30,,,25 30,25 30,,,63 8,,63 8,,20 60,,20 60,,5 53,,5 53,,65 46,63 39,65 46,63 39,26 68,,26 68,,15 4,15 4,,,15 4,15 4,,,90 39,90 39,,,,,,,,,,,,,,,,,,,,,,
Alune,Alune,Chiko.Alune1.6,36 61,36 61,37 61,37 61,36 61,36 61,37 61,37 61,,,,,,,,,37 25,37 25,37 25,37 25,40 72,25 38,40 72,25 38,29 53,29 53,29 53,29 53,59 25,59 25,59 25,59 25,25 66,25 66,25 66,25 66,,,,,,,,,37 25,37 25,37 25,37 25,59 25,59 25,59 25,59 25,,,,,,,,,,,,,,,,
Lorence,Lorence,Chiko.Lorence1.6,36 68,36 69,36 66,36 69,36 68,36 69,36 66,36 69,26 42,26 42,26 42,26 42,26 42,26 42,26 42,26 42,83 40,82 39,83 40,82 39,52 86,27 77,52 86,27 77,33 62,10 64,33 62,10 64,62 25,62 25,62 25,62 25,21 71,37 59,21 71,37 59,37 25,35 7,37 25,37 25,37 25,35 7,37 25,37 25,83 40,83 40,82 39,82 39,62 25,62 25,62 25,62 25,,,,,,,,,,,,,,,,
Rydell,Rydell,Chiko.Rydell1.6,,,,,,,,,,,,,,,,,93 9,93 9,93 9,93 9,,,,,,,,,,,,,,,,,57 4,57 4,57 4,57 4,57 4,57 4,57 4,57 4,93 9,93 9,93 9,93 9,,,,,,,,,,,,,,,,,,,,
Ripley,Clara.Ripley,Clara.Ripley,17 73,17 73,,,17 73,17 73,,,27 45,6 31,,,27 45,6 31,,,52 27,,52 27,,66 65,,,,22 16,,,,59 27,,62 11,,44 59,,44 59,,54 15,41 11,,,54 15,41 11,,,52 27,52 27,,,,,,,,,,,,,,,22 16,,,,44 59,,44 59,
Niki,SVTNiki,ConsciouslyLazy.SVTNiki,35 65,37 67,,,35 65,37 67,,,25 29,25 29,,,25 29,25 29,,,,,,,,,,,,,,,,,,,,,,,,,,,,,,,,,,,,,,,,,,,,,,,,,,,,,,
Satoru,Satoru,Cursedcure.SatoruGojoNPC,34 74,34 74,34 74,34 73,34 74,34 74,34 74,34 73,21 31,19 30,21 31,19 30,21 31,19 30,21 31,19 30,24 26,83 25,24 26,83 25,,,,,30 62,18 57,30 62,18 57,78 36,78 36,78 36,78 36,31 77,31 77,31 77,31 77,32 14,31 15,32 14,30 15,32 14,31 15,32 14,30 15,24 26,24 26,83 25,83 25,78 36,79 35,78 36,79 35,,,,,,,,,,,,,,,,
Mateo,Mateo,DN.SnS,,,,,,,,,,,,,,,,,,,,,,,,,25 57,25 57,25 57,25 57,,,,,22 58,23 58,22 58,23 58,,,,,,,,,,,,,,,,,,,,,,,,,,,,,,,,
Annetta,Annetta,dreamy.kickitspot,31 57,34 67,,,31 57,34 67,,,5 33,9 33,,,5 33,9 33,,,86 31,,86 31,,40 61,,40 61,,27 59,,27 59,,73 32,77 28,73 32,,31 69,,31 69,,24 8,13 39,,,24 8,13 39,,,40 36,40 36,,,,,,,,,,,,,,,28 64,,28 64,,21 62,,21 62,
Fievel,Fievel,EastScarp.FGES,33 97,33 97,,,33 97,33 97,,,44 35,44 35,,,44 35,44 35,,,54 7,,54 7,,60 93,,60 93,,38 80,,38 80,,82 13,82 13,82 13,,48 71,,48 71,,8 3,8 3,,,8 3,8 3,,,54 7,54 7,,,,,,,,,,,,,,,,,,,48 71,,48 71,
Zoro,Zoro,EmpressKimi.Zoro,42 59,38 69,,,42 59,38 70,,,9 34,23 28,,,9 34,23 28,,,26 36,,26 36,,28 38,,31 26,,40 15,,41 36,,77 37,63 32,77 37,63 32,37 58,,26 55,,47 20,30 12,,,47 20,30 12,,,26 36,26 36,,,,,,,118 48,90 46,,,29 28,44 43,,,,,,,37 58,,26 55,
Erwin,Erevendi_Erwin,Erevendi.Eruri,35 66,35 66,,,35 66,35 66,,,33 39,33 39,,,33 39,33 39,,,44 24,,44 24,,60 64,,60 64,,24 52,,24 52,,82 31,62 31,82 31,,30 64,,30 64,,13 16,28 6,,,13 16,28 6,,,34 36,34 36,,,,,,,,,,,,,,,24 52,,24 52,,30 64,,30 64,
Levi,Erevendi_Levi,Erevendi.Eruri,36 65,36 65,,,36 65,36 65,,,32 39,32 39,,,32 39,32 39,,,45 24,,45 24,,61 64,,61 64,,21 48,,21 48,,81 31,63 31,81 31,,31 64,,31 64,,14 16,29 6,,,14 16,29 6,,,33 36,33 36,,,,,,,,,,,,,,,21 48,,21 48,,31 64,,31 64,
Uriell,Uriell,Evellyn.Uriell,24 69,,,,24 69,,,,19 41,10 41,,,19 41,10 41,,,43 36,,43 36,,27 70,,27 70,,34 73,,34 73,,65 31,77 40,65 31,,24 74,,24 74,,44 13,,,,44 13,,,,,,,,,,,,,,,,,,,,,,,,,,,
Kotaro,F1F4Gift,F1F4.F1F4Gift,23 71,25 73,,,23 71,25 73,,,23 41,9 30,,,23 41,9 30,,,26 36,,26 36,,26 74,,27 78,,30 18,,21 70,,71 17,59 40,71 17,,33 68,,33 68,,42 15,37 6,,,42 15,37 6,,,13 33,13 33,,,,,,,100 61,73 49,,,45 34,46 48,,,,,,,,,,
Feliciano,Feliciano,Feliciano,25 59,,30 57,,25 59,,30 57,,21 39,21 39,,,21 39,21 39,,,38 24,,38 24,,39 60,,39 60,,29 23,20 25,29 23,20 25,62 30,,62 30,,24 67,24 68,24 67,24 68,41 21,,,,41 21,,,,,,,,,,,,,,,,,,,,,,,,,,,
Alan,FC.Alan,Fellowclown.PC,44 87,44 87,,,44 87,44 87,,,15 17,15 17,,,15 17,15 17,,,21 29,,21 29,,62 94,,62 94,,22 75,,22 75,,102 17,50 43,102 17,,49 91,,49 91,,21 29,21 29,,,21 29,21 29,,,21 29,21 29,,,,,,,,,,,,,,,,,,,49 91,,49 91,
Boxy,FC.Boxy,Fellowclown.PC,38 83,38 83,,,38 83,38 83,,,,,,,,,,,,,,,,,,,,,,,,,,,,,,,,,,,,,,,,,,,,,,,,,,,,,,,,,,,,,,
Wilford,Wilford,Fernandtea.NewNPCWilford,26 68,36 65,,,26 53,36 65,,,22 29,9 20,,,17 20,9 20,,,11 23,,11 23,,36 70,,36 70,,31 65,,31 65,,88 40,78 36,62 52,78 36,33 79,,33 79,,49 19,40 10,,,49 19,40 10,,,,,,,,,,,,,,,,,,,,,,,,,,
Belos,Belos,fire.Belos1.6,25 61,25 61,25 61,25 61,25 61,25 61,25 61,25 61,18 20,10 20,25 30,25 30,18 20,10 20,25 30,25 30,24 35,24 35,24 35,24 35,36 60,36 60,36 60,36 60,23 62,24 62,23 62,24 62,54 36,54 36,54 36,54 36,16 64,18 63,16 64,18 63,43 25,43 25,48 19,48 19,43 25,43 25,48 19,48 19,29 36,29 36,29 36,29 36,54 36,54 36,54 36,54 36,,,,,,,,,,,,,,,,
OpenFire,OpenFire,fire.OpenFire,53 105,53 105,53 105,53 105,53 105,53 105,53 105,53 105,43 32,43 32,43 32,43 32,43 32,43 32,43 32,43 32,92 12,92 12,92 12,92 12,20 79,20 79,20 79,20 79,28 61,27 54,28 61,27 54,39 12,39 12,39 12,39 12,49 59,49 59,49 59,49 59,13 5,13 5,13 5,13 5,13 5,13 5,13 5,13 5,92 12,92 12,92 12,92 12,39 12,39 12,39 12,39 12,,,,,,,,,,,,,,,,
Andy,Andy,FlashShifter.StardewValleyExpandedCP,,,,,32 70,19 64,26 59,34 73,,,,,5 26,5 26,23 32,7 30,,,16 24,46 24,,,49 70,49 65,,,33 69,36 71,,,56 31,60 42,,,31 62,36 72,,,,,32 10,40 6,27 15,23 19,,22 24,,52 24,,,58 51,63 27,81 46,62 43,81 46,62 43,52 30,53 48,52 30,53 48,,,,,,,,
Claire,Claire,FlashShifter.StardewValleyExpandedCP,,,,,,,,,,,,,,,,,,,,,,,,,,,,,,,,,,,,,,,,,,,,,,,,,,,,,74 49,62 40,74 49,62 40,25 44,25 44,25 44,25 44,,,,,,,,
Gunther,GuntherSilvian,FlashShifter.StardewValleyExpandedCP,,,,,,,,,,,,,,,,,,,,,,,,,,,,,,,,,,,,,,,,,,,,,,,,,,,,,99 51,87 37,99 51,87 37,29 28,56 47,29 28,56 47,,,,,,,,
Marlon,MarlonFay,FlashShifter.StardewValleyExpandedCP,,,,,41 57,41 57,17 73,23 61,,,,,22 21,21 21,2 41,22 40,,,70 5,70 5,,,31 76,20 76,,,28 57,22 62,,,100 40,53 42,,,27 53,34 56,,,,,54 7,54 7,53 7,20 5,,,,70 5,,,46 15,77 23,101 49,87 38,101 49,87 38,,,,,,,,,,,,
Martin,Martin,FlashShifter.StardewValleyExpandedCP,,,,,,,,,,,,,,,,,,,,,,,,,,,,,,,,,,,,,,,,,,,,,,,,,,,,,102 61,61 39,102 61,61 39,25 45,25 45,25 45,25 45,,,,,,,,
Morris,MorrisTod,FlashShifter.StardewValleyExpandedCP,44 60,22 67,,,44 60,22 67,,,4 25,4 25,,,4 25,4 25,,,29 34,,29 34,,48 88,,48 88,,23 62,,23 62,,74 29,70 24,74 29,70 24,36 59,,38 59,27 54,31 4,34 10,,,31 4,34 10,,,,,,,,,,,,,,,,,,,,,,,,,,
Olivia,Olivia,FlashShifter.StardewValleyExpandedCP,,,,,31 62,22 68,32 62,21 69,,,,,15 34,23 23,3 36,13 32,,,40 36,32 36,,,19 78,32 65,,,30 68,32 65,,,86 25,78 46,,,34 60,24 67,,,,,41 13,46 11,20 9,31 17,,35 36,,34 35,,,56 31,59 38,86 51,77 45,86 51,77 45,35 45,36 51,35 45,36 51,,,,,,,,
Sophia,Sophia,FlashShifter.StardewValleyExpandedCP,,,,,29 62,25 67,32 81,26 67,,,,,8 38,11 21,5 30,11 32,,,50 24,17 24,,,47 60,47 60,,,25 68,26 21,,,58 39,58 38,,,53 69,21 66,,,,,50 24,27 10,13 14,29 18,,43 36,,20 24,,,76 46,84 36,108 47,88 40,108 47,88 40,37 28,29 44,37 28,29 44,,,,,,,,
Susan,Susan,FlashShifter.StardewValleyExpandedCP,,,,,,,,,,,,,,,,,,,52 24,47 24,,,49 65,49 71,,,40 60,35 72,,,72 19,61 43,,,30 62,32 73,,,,,33 16,39 6,23 6,24 19,,20 20,,53 24,,,56 51,62 28,99 60,85 43,99 60,85 43,35 35,29 45,35 35,29 45,,,,,,,,
Victor,Victor,FlashShifter.StardewValleyExpandedCP,,,,,24 76,22 67,34 81,21 68,,,,,9 38,23 22,5 29,14 32,,,41 36,31 36,,,19 77,32 67,,,52 35,4 60,,,58 37,76 47,,,36 60,22 67,,,,,49 24,46 12,15 14,30 18,,34 36,,33 35,,,74 47,59 37,122 54,88 41,122 54,88 41,58 45,35 51,58 45,35 51,,,,,,,,
Amon,Amon,Foxtail.AmonMod,16 73,16 73,,,16 73,16 73,,,3 34,3 34,,,3 34,3 34,,,29 36,,29 36,,30 71,,30 71,,13 16,,13 16,,34 25,,34 25,,65 30,,65 30,,4 7,,,,4 7,,,,,,,,,,,,,,,,,,,,,,,,,,,
Pauline,Pauline,FurryTale.Pauline,,,23 77,24 66,,,23 77,24 66,26 37,4 37,4 21,4 37,26 37,4 37,4 21,4 37,83 40,51 24,83 40,51 24,25 79,54 74,25 79,54 74,28 66,22 39,28 66,22 39,69 12,69 27,69 12,69 27,24 74,29 58,24 74,29 58,,,24 15,23 18,,,24 15,23 18,14 39,14 39,14 39,14 39,77 17,63 37,77 17,63 37,,,,,,,,,,,,,,,,
Toshinori,Toshinori,FuzzyMittens.Toshinori,23 71,35 70,24 63,36 69,23 71,35 70,24 63,36 69,24 25,10 21,8 37,8 21,24 25,10 21,8 37,8 21,14 39,44 24,14 39,44 24,31 63,37 85,31 63,37 85,30 71,26 36,30 71,26 36,73 11,74 42,73 11,74 42,36 73,37 72,36 73,37 72,53 24,30 12,53 24,29 18,53 24,30 12,53 24,29 18,26 36,26 36,26 36,26 36,82 34,79 35,82 34,79 35,,,,,,,,,,,,,,,,
Paul,Paul,Ginnyclaire.PaulNPC,38 69,,,,38 69,,,,6 41,5 27,,,6 41,5 27,,,22 20,,22 20,,40 80,,40 80,,27 57,,27 57,,73 24,,73 24,,25 62,,25 62,,45 9,,,,45 9,,,,,,,,,,,,,,,,,,,,,,,,,,,
Goldenglow,Goldenglow,Goldenglow,26 62,36 64,32 62,35 62,29 55,36 64,36 62,35 62,6 33,4 29,10 42,24 25,6 33,4 29,10 42,24 25,50 24,32 36,48 24,38 36,31 74,32 66,31 74,39 72,33 73,35 28,33 73,35 28,72 49,64 39,61 29,79 27,24 74,34 68,23 74,34 68,44 13,27 14,31 8,29 5,44 13,27 14,31 8,29 5,26 36,26 36,26 36,26 36,79 39,65 43,82 43,83 41,60 44,74 45,60 44,74 45,50 28,49 43,50 28,49 43,,,,,,,,
Hakan,Hakan,hakydaki.HakanNPC,,,,,,,,,,,,,,,,,68 5,68 5,68 5,68 5,27 35,27 35,20 27,20 27,22 64,22 64,28 53,28 53,87 40,75 31,80 47,75 31,40 57,40 57,29 58,29 58,37 22,25 5,37 22,25 5,37 22,25 5,37 22,25 5,11 30,11 30,11 30,11 30,87 40,75 31,80 47,75 31,,,,,,,,,,,,,,,,
Sylus,Sylus,Halostar.Sylusmod,27 53,27 53,,,27 53,27 53,,,17 20,17 20,,,17 20,17 20,,,29 36,,29 36,,38 31,,38 31,,10 28,,10 28,,66 28,66 28,66 28,,19 52,,19 52,,42 9,42 9,,,42 9,,,,29 36,29 36,,,,,,,,,,,,,,,10 28,,10 28,,19 52,,19 52,
Genya,Genya,hana.shinazugawa,31 74,,20 66,,31 74,,20 66,,26 42,19 31,11 32,14 30,26 42,19 31,11 32,14 30,37 34,,37 34,,24 64,21 70,24 64,21 70,29 22,23 13,29 22,23 13,74 17,78 27,74 17,78 27,38 74,27 77,38 74,27 77,56 12,56 12,50 23,,56 12,,50 23,,,,,,68 15,69 24,68 15,69 24,,,,,,,,,,,,,,,,
Kyojuro,Kyojuro,hana.shinazugawa,44 60,,39 60,,44 60,,39 60,,8 38,7 30,13 33,21 30,8 38,7 30,13 33,21 30,12 27,28 20,12 27,28 20,46 91,58 70,46 91,58 70,23 70,36 71,23 70,36 71,56 34,77 26,56 34,77 26,37 73,35 73,37 73,35 73,40 22,40 22,48 18,,40 22,,48 18,,,,,,63 29,77 26,63 29,77 26,,,,,,,,,,,,,,,,
Sanemi,Sanemi,hana.shinazugawa,32 56,,21 61,,32 56,,21 61,,5 40,6 30,11 42,6 30,5 40,6 30,11 42,6 30,28 20,39 33,28 20,39 33,31 74,39 72,31 74,39 72,34 62,24 62,34 62,24 62,61 29,62 29,61 29,62 29,26 75,26 75,26 75,26 75,41 23,41 23,55 21,,41 23,,55 21,,,,,,69 19,68 25,69 19,68 25,,,,,,,,,,,,,,,,
GetoSuguru,GetoSuguru,hanbweh.SuguruNPC,40 57,41 55,40 57,41 55,34 62,37 57,34 62,37 57,4 41,21 31,3 41,21 31,10 42,9 33,3 41,9 33,26 36,26 36,9 11,9 11,41 87,49 89,36 83,49 89,27 63,27 63,21 69,21 63,,,,,28 60,28 60,37 70,37 70,23 24,14 24,23 24,14 24,23 24,14 24,23 24,14 24,20 11,9 11,20 11,9 11,,,,,,,,,,,,,,,,,,,,
Charles,CharlesRowland,handwrittenhello.dbda,16 74,16 74,,,16 74,16 74,,,25 29,18 32,,,25 29,18 32,,,25 36,,25 36,,44 89,49 89,51 72,,18 12,,71 27,,,,,,28 62,,28 62,,52 11,41 10,,,52 11,41 10,,,25 36,25 36,,,,,,,,,,,,,,,,,,,,,,
Crystal,CrystalPalace,handwrittenhello.dbda,17 75,17 75,,,17 75,17 75,,,24 27,19 32,,,24 27,19 32,,,13 32,,13 32,,45 89,48 90,50 73,,33 73,,28 54,,71 21,71 21,29 50,,30 62,,30 62,,51 12,41 12,,,51 12,41 12,,,13 32,13 32,,,,,,,,,,,,,,,,,,,,,,
Edwin,EdwinPayne,handwrittenhello.dbda,18 74,18 74,,,18 74,18 74,,,25 28,17 32,,,25 28,17 32,,,26 36,,26 36,,43 90,49 90,52 72,,19 12,,72 27,,72 22,72 22,27 50,,29 62,,29 62,,53 11,41 11,,,53 11,41 11,,,26 36,26 36,,,,,,,,,,,,,,,,,,,,,,
Laila,Laila,HaruNesukts.DesertExpansionCP,25 73,21 72,21 61,21 61,37 68,21 72,21 61,21 61,6 38,12 37,26 42,20 34,6 38,12 37,26 42,20 34,30 20,27 25,30 20,27 25,22 38,41 72,22 38,41 72,22 22,18 24,22 22,18 24,79 28,79 28,79 28,,39 57,32 76,39 57,32 76,13 19,42 24,12 7,32 6,13 19,42 24,12 7,32 6,11 28,11 28,27 25,27 25,87 37,87 37,87 37,,,,,,,,,,22 22,18 24,22 22,18 24,26 61,31 76,26 61,31 76
Henry,Henry,Himetarts.ARV.CP,22 71,22 71,22 71,22 71,22 71,22 71,22 71,22 71,21 35,,21 35,,21 35,,21 35,,51 24,51 24,41 24,41 24,51 73,51 73,51 73,51 73,,,,,61 27,,64 11,,44 61,44 61,44 61,44 61,52 15,44 15,52 15,44 15,52 15,44 15,52 15,44 15,,,,,61 27,,64 11,,102 52,77 47,102 52,77 47,27 29,51 45,27 29,51 45,,,,,,,,
Mia,Mia,Himetarts.ARV.CP,22 72,22 72,22 72,22 72,22 72,22 72,22 72,22 72,21 33,,21 33,,21 33,,21 33,,50 24,50 24,40 24,40 24,30 80,30 80,19 50,19 50,,,,,60 31,,65 16,,31 72,31 72,31 72,31 72,45 12,44 14,45 12,44 14,45 12,44 14,45 12,44 14,,,,,60 31,,65 16,,,78 47,,78 47,36 28,51 44,36 28,51 44,,,,,,,,
Sterling,Sterling,Himetarts.ARV.CP,24 56,23 72,24 56,23 72,24 56,23 72,24 56,23 72,20 34,8 31,20 34,8 31,20 34,8 31,20 34,8 31,49 24,49 24,39 24,39 24,52 73,,52 73,,,,,,60 27,,63 11,,43 60,43 60,43 60,43 60,52 14,43 15,52 14,43 15,52 14,43 15,52 14,43 15,,,,,60 27,,63 11,,101 52,76 45,101 52,76 45,30 28,51 43,30 28,51 43,,,,,,,,
Lacey,ichortower.HatMouseLacey_Lacey,ichortower.HatMouseLacey,24 64,32 74,24 64,34 73,24 64,32 74,24 64,34 73,5 24,5 30,5 28,5 30,25 24,5 30,5 28,5 30,70 24,46 24,70 24,55 24,27 50,52 62,17 64,18 63,32 73,27 65,32 73,27 65,65 46,65 39,63 49,78 27,37 60,36 73,23 67,34 59,22 5,26 8,19 5,26 4,22 5,26 8,19 5,26 4,48 24,48 24,46 24,46 24,68 43,80 35,60 43,83 41,64 45,63 46,,,28 52,34 39,,,,,,,,,,
Aspen,Aspen,invatorzen.AspenCP,30 56,31 69,,,30 56,31 69,,,23 26,19 30,,,23 26,19 30,,,25 36,,25 36,,43 77,,43 77,,34 69,,34 69,,60 44,,60 44,,22 63,,21 63,,49 19,38 6,,,49 19,38 6,,,,,,,,69 27,,,,,,,,,,,,,,,,,,
Isaiah,Isaiah,Isaiahmod.velocityissin,31 72,,,,31 72,,,,,,,,,,,,39 31,,39 31,,34 90,,34 90,,28 59,,28 59,,59 26,59 26,59 26,59 26,25 61,,25 61,,49 17,40 6,,,49 17,,,,,,,,,,,,,,,,,,,,,,,,,,,
Jiu,Jiu,Jiusui.jiu,23 62,36 26,30 56,27 59,23 62,36 26,30 56,27 59,9 34,6 30,16 34,8 21,9 34,6 30,16 34,8 21,30 20,39 31,30 20,39 31,62 100,18 40,62 100,18 40,24 69,60 22,24 69,60 22,78 43,67 42,83 38,83 38,25 67,23 76,24 67,23 76,29 36,44 11,13 27,30 15,29 36,44 11,13 27,30 15,30 20,30 20,39 31,39 31,80 15,78 27,80 15,72 43,,,,,,,,,,,,,,,,
Quinn,Quinn,jkkps.quinn,42 72,28 62,28 54,34 64,42 72,28 62,27 54,34 64,4 30,5 29,13 33,5 29,4 30,5 29,13 34,5 29,43 24,83 40,43 24,83 40,64 65,18 36,64 65,18 36,37 35,13 25,14 27,13 25,90 29,62 34,59 29,,38 57,37 61,25 68,7 52,27 13,36 6,42 36,26 5,27 13,36 6,42 36,26 5,27 24,27 24,19 24,19 24,79 38,62 34,61 44,,,,,,,,,,37 35,13 25,14 27,13 25,38 57,37 61,25 68,7 52
Wellwick,Wellwick,Jyangnam.Wellwick,109 50,109 50,,,109 50,109 50,,,11 10,11 10,,,11 10,11 10,,,80 5,,80 5,,34 32,,34 32,,6 18,,6 18,,12 50,12 50,12 50,,34 48,,34 48,,14 39,,,,14 39,,,,,,,,,,,,,,,,,,,,,,,,,,,
Bryson,Bryson,k80chimaera.CinderCircle,26 75,,,,26 75,,,,4 29,,,,4 29,,,,16 24,,16 24,,27 70,,27 70,,25 54,,25 54,,72 23,,72 23,,38 59,,38 59,,29 8,,,,29 8,,,,,,,,,,,,,,,,,,,,,,,,,,,
Dimitri,Dimitri,k80chimaera.CinderCircle,,,,,,,,,,,,,,,,,37 34,,37 34,,,,,,23 54,,23 54,,,,,,16 62,,16 62,,,,,,,,,,,,,,,,,,,,,,,,,,,,,,,,,
Faye,K80Faye,k80chimaera.CinderCircle,20 74,,,,20 74,,,,18 22,,,,18 22,,,,,,,,44 78,,44 78,,12 28,,12 28,,84 27,,84 27,,,,,,48 17,,,,48 17,,,,,,,,,,,,,,,,,,,,,,,,,,,
Milo,Milo,k80chimaera.CinderCircle,18 74,,,,18 74,,,,17 22,,,,17 22,,,,13 28,,13 28,,43 79,,43 79,,28 22,,28 22,,85 27,,85 27,,40 59,,40 59,,50 15,,,,50 15,,,,,,,,,,,,,,,,,,,,,,,,,,,
Skye,Skye,k80chimaera.CinderCircle,19 76,,,,19 76,,,,14 21,,,,14 21,,,,13 30,,13 30,,33 73,,33 73,,10 28,,10 28,,83 27,,83 27,,16 64,,16 64,,52 17,,,,52 17,,,,,,,,,,,,,,,,,,,,,,,,,,,
Akaza,kArmag0re_Akaza,kArmag0re.Akaza,,,,,,,,,34 37,34 37,,,34 37,34 37,,,34 36,,34 36,,,,,,6 25,,6 25,,6 6,6 6,6 6,,,,,,18 4,18 4,,,18 4,,,,34 36,34 36,,,,,,,,,,,,,,,6 25,,6 25,,,,,
Eyjafjalla,Eyjafjalla,Kawaillusion.EyjafjallaForYou,49 60,25 60,37 61,25 60,49 60,25 60,37 61,25 60,7 33,11 20,11 42,7 21,7 33,11 20,11 42,7 21,82 39,90 40,82 39,90 40,27 61,30 39,27 61,30 39,28 24,44 14,28 24,44 14,67 50,64 40,59 29,60 40,20 63,35 68,20 63,35 68,52 25,40 19,53 24,17 8,52 25,40 19,53 24,17 8,82 39,82 39,90 40,90 40,79 38,64 31,82 44,83 42,60 45,73 45,60 45,73 45,53 44,46 44,53 44,46 44,,,,,,,,
Matthew,Matthew,Krayon4k.Matthew1.6,28 61,28 61,34 61,34 61,28 61,28 61,34 61,34 61,13 34,13 34,11 37,11 37,13 34,13 34,11 37,11 37,39 36,40 36,39 36,40 36,24 56,24 79,24 56,24 79,28 59,19 40,28 59,19 40,65 19,65 19,65 19,65 19,37 65,37 65,37 65,37 65,39 7,39 7,29 6,29 6,39 7,39 7,29 6,29 6,39 36,39 36,40 36,40 36,67 15,67 15,67 15,67 15,,,,,,,,,,,,,,,,
Suguru,Suguru,krypt.SuguruNPC,41 61,,,,41 61,,,,7 33,5 26,,,7 33,5 26,,,11 27,,11 27,,,,,,35 62,13 63,35 62,13 63,,,,,36 78,,36 78,,56 10,56 10,,,56 10,,,,11 27,11 27,,,,,,,,,,,,,,,,,,,,,,
Enya,Enya,LatteHoln.EnyaCatSith,6 57,6 57,,,6 57,6 57,,,24 35,24 35,,,24 35,24 35,,,,,,,46 62,,46 62,,21 22,,47 89,,66 20,64 23,66 20,64 23,25 62,,7 57,,38 36,38 36,,,38 36,38 36,,,,,,,,,,,,,,,,,,,,,,,,,,
Nagito,Nagito,Lavender.Nagito,20 77,31 74,35 76,31 74,20 77,31 74,35 76,31 74,26 37,24 30,41 43,24 30,26 37,24 30,41 43,24 30,35 36,13 14,35 36,13 14,32 66,38 90,32 66,38 90,38 22,20 59,38 22,20 59,80 28,80 28,80 28,80 28,23 67,29 61,23 67,29 61,30 17,30 17,48 16,30 17,30 17,30 17,48 16,30 17,,,,,84 47,80 28,84 47,80 28,61 43,61 43,73 46,61 43,44 40,50 40,28 60,50 40,,,,,,,,
Aideen,Aideen,LemurKat.EastScarpe.CP,,,32 79,,,,,,5 31,19 32,5 31,19 32,5 31,19 32,5 32,19 32,22 4,22 4,22 4,22 4,45 88,45 88,45 88,43 95,,,,,,70 12,,,45 60,38 60,45 60,45 60,14 5,14 5,18 4,18 4,14 5,14 5,9 4,17 5,,,,,,,68 10,,,,,,52 43,49 41,,,,,,,,,,
Beatrice,Beatrice,LemurKat.EastScarpe.CP,39 69,39 69,36 72,36 72,36 72,36 72,36 72,35 72,4 22,,4 22,,4 22,,3 22,,,,,,27 60,27 61,27 60,27 61,,,,,59 33,59 33,59 33,,35 74,37 76,35 74,35 74,43 36,,24 31,48 18,43 36,,43 36,49 18,,,,,63 31,59 33,59 33,,,,,,,,,,,,,,,,,
Eloise,Eloise,LemurKat.EastScarpe.CP,8 64,35 60,8 64,35 62,12 62,34 60,13 61,34 61,14 30,17 32,23 24,17 32,14 30,17 32,20 22,17 34,5 7,82 25,5 7,82 25,63 65,19 35,58 27,19 35,16 52,27 51,15 53,23 48,59 46,59 46,55 51,,27 51,36 79,24 49,25 50,13 14,23 23,19 10,18 8,13 14,23 23,19 10,18 8,,,,,65 44,65 44,71 51,,113 44,,,,40 33,53 50,,,,,,,,,,
Jacob,Jacob,LemurKat.EastScarpe.CP,10 64,34 60,10 64,36 62,14 62,33 60,14 62,33 60,3 30,18 32,3 30,18 32,3 30,18 32,4 25,18 34,4 7,83 25,4 7,83 25,62 65,27 34,59 26,20 30,16 51,26 51,16 53,22 48,59 45,69 12,54 52,,37 71,37 72,37 71,27 53,31 34,31 34,16 11,17 8,31 34,31 34,16 11,17 8,,,,,66 45,66 44,73 51,,119 42,,,,36 26,54 50,,,,,,,,,,
Josephine,JosephineK,LemurKat.EastScarpe.CP,,,,,,,,,,,,,,,,,,,,,,,26 53,,,,,,,,,,,,,,31 4,31 11,26 4,23 9,30 4,31 11,26 4,23 9,,,,,,,,,,,,,,,,,,,,,,,,
Kataryna,KatarynaLK,LemurKat.EastScarpe.CP,,,,,,,,,,,,,,,,,,,,,,39 78,,39 78,,,,,,,,,,,,,,,32 19,32 19,,,,,,,,,,,,,,,,,,,,,,,,,,,,
Lexi,Leximonster,LemurKat.EastScarpe.CP,,,,,,,,,,,,,,,,,102 39,102 39,,,,,,,,,,,,,,,,,,,,,,,,,,,,,,,,,,,,,,,,,,,,,,,,,,
Oliver,OliverK,LemurKat.EastScarpe.CP,,,,,,,,,,,,,,,,,,,,,,,,,,,,,,,,,,,,,44 35,32 11,44 45,22 9,44 35,32 11,44 45,21 9,,,,,,,,,,,,,,,,,,,,,,,,
Rosa,Rosa,LemurKat.EastScarpe.CP,,,33 61,35 70,,,,,30 41,23 32,30 41,23 32,30 41,23 32,30 41,23 32,10 10,11 10,10 10,11 10,,28 97,20 23,28 97,27 23,27 23,34 25,27 23,33 25,33 25,42 52,,20 62,22 63,21 63,21 63,25 18,,25 18,24 20,27 14,,25 18,24 20,,,,,51 54,,69 11,,114 41,,,,37 36,56 48,,,,,,,,,,
Tori,ToriLK,LemurKat.EastScarpe.CP,,,19 54,,13 63,35 60,13 63,,25 41,,53 46,21 21,25 41,,53 46,,,84 24,90 24,84 24,28 59,43 94,53 93,42 94,,14 63,32 56,14 63,,,,,,24 68,44 59,46 59,,,31 34,,41 21,,31 34,,,,,,64 30,64 31,72 50,,,,,,,,,,,,,,,,,
Jessie,Jessie,LemurKat.JulietHouse.NPC,18 57,18 57,18 58,18 58,7 65,17 57,30 61,17 57,25 25,19 30,25 25,19 30,25 27,19 30,25 25,19 30,54 7,84 40,55 7,55 7,68 71,30 39,68 71,30 39,32 69,33 68,32 69,,65 46,,,,39 61,39 61,12 57,12 57,41 17,37 15,41 18,41 18,41 17,37 15,41 18,41 18,,,,,65 46,,114 15,,86 38,,,,43 25,55 45,,,,,,,,,,
Juliet,Juliet,LemurKat.JulietHouse.NPC,31 61,39 70,32 62,36 69,31 61,38 70,33 61,38 70,31 41,22 32,31 41,22 32,31 41,22 32,31 41,22 32,9 9,10 9,9 9,10 9,22 63,27 97,22 63,27 97,26 23,26 23,33 25,,35 25,,,,17 62,18 64,22 62,18 64,26 17,25 19,26 18,25 20,26 17,25 19,26 18,25 20,,,,,52 54,,62 43,,113 41,,,,36 36,56 49,,,,,,,,,,
MisterGinger,MisterGinger,LemurKat.Mr.Ginger.NPC,19 71,47 71,19 71,47 71,19 71,47 71,19 71,47 71,19 20,7 30,1 37,19 20,19 20,7 30,1 37,8 30,24 28,14 24,,,41 86,43 88,42 86,48 88,18 52,12 34,18 52,12 34,11 45,,88 32,,28 48,37 66,31 65,30 64,32 34,24 28,32 34,24 28,32 34,24 28,32 34,24 28,,,,,62 35,,88 32,,120 42,,,,30 27,42 52,,,,,,,,,,
Jasper,Jasper,Lemurkat.NPCJasper,34 57,,16 72,,31 56,,,,4 29,4 29,4 29,4 29,4 29,4 29,,,88 40,88 40,88 40,,38 77,38 77,32 77,,27 56,27 56,27 56,,12 44,63 23,115 16,,33 71,33 57,33 71,,11 39,11 39,11 39,11 39,11 39,,,,,,,,49 46,65 23,,,90 60,,,,27 31,53 40,,,,,,,,,,
Sydney,SydneyLex,Lex.Sydney,32 56,32 56,,,32 56,32 56,,,11 20,11 20,,,11 20,11 20,,,13 39,,13 39,,26 71,,26 71,,28 61,,28 61,,75 31,75 31,75 31,,42 57,,42 57,,39 7,39 7,,,39 7,39 7,,,,,,,,,,,,,,,,,,,,,,,,,,
Xiaoming,RedPandaBazaar_ChenXiaoMing,Lilaoliu.RedPandaBazaar,46 58,39 59,16 54,16 54,46 58,39 59,16 54,16 54,28 41,12 31,32 41,12 31,28 41,12 31,32 41,12 31,38 23,43 24,38 23,43 24,51 95,51 95,51 95,51 95,26 32,24 62,21 31,24 62,60 17,60 17,60 17,,42 57,15 54,42 57,15 54,31 16,31 19,27 6,27 6,31 16,31 19,27 6,27 6,38 23,38 23,43 24,43 24,60 17,60 17,60 17,,,,,,,,,,,,,,,,,
QingFeng,RedPandaBazaar_LiQingFeng,Lilaoliu.RedPandaBazaar,45 57,38 59,17 54,17 54,45 57,38 59,17 54,17 54,27 41,13 31,33 41,13 31,27 41,13 31,33 41,13 31,37 23,42 24,37 23,42 24,26 78,47 88,24 79,47 88,27 64,30 62,38 58,30 62,,,,,41 57,17 54,41 57,17 54,32 16,31 20,28 6,23 18,32 16,31 20,28 6,23 18,37 23,37 23,42 24,42 24,,,,,,,,,,,,,,,,,,,,
Erwin,Erwin,LittlePippi.Erwin,42 59,26 62,30 68,21 62,42 59,26 62,30 68,21 62,20 21,19 21,4 41,23 21,20 21,19 21,4 41,23 21,26 36,39 35,26 36,39 35,32 57,19 77,32 57,19 77,27 57,30 26,27 57,30 26,64 40,64 40,64 40,64 40,35 74,38 73,35 74,38 73,45 11,48 18,14 14,21 5,45 11,48 18,14 14,21 5,26 36,26 36,26 36,26 36,86 26,79 35,86 26,79 35,,,,,,,,,,,,,,,,
Levi,Levi,LittlePippi.Levi,42 58,36 62,16 74,22 61,42 58,36 62,16 74,22 61,21 21,20 21,3 41,19 21,21 21,20 21,3 41,19 21,29 36,40 35,29 36,40 35,18 78,38 78,18 78,38 78,30 25,21 63,30 25,21 63,63 39,63 39,63 39,63 39,34 74,37 73,34 74,37 73,55 8,50 19,12 14,19 5,55 8,50 19,12 14,19 5,29 36,29 36,29 36,29 36,63 33,80 35,63 33,80 35,,,,,,,,,,,,,,,,
BuwangYu,BuwangYu,LLL.YuBuwang.New,16 53,19 70,16 53,19 70,16 53,19 70,16 53,19 70,35 42,25 30,35 42,25 30,35 42,25 30,35 42,25 30,51 5,51 5,51 5,51 5,31 83,10 53,31 83,10 53,15 50,20 59,15 50,20 59,59 2,59 2,59 2,59 2,22 53,5 64,22 53,5 64,25 36,25 36a,25 36,25 36,25 36,25 36a,25 36,25 36,51 5,51 5,51 5,51 5,82 13,82 13,82 13,82 13,,,,,,,,,,,,,,,,
Toge,Toge,Loonimae.TogeInumakiNPC,15 52,,,,15 52,,,,22 41,23 23,,,22 41,23 23,,,26 36,,26 36,,40 72,,40 72,,29 22,13 61,29 22,13 61,66 27,77 28,66 27,77 28,40 57,,40 57,,43 24,43 24,,,43 24,,,,,,,,,,,,,,,,,,,,,,,,,,,
Figg,Figg,LP.Figg1.6,30 76,30 76,30 76,30 76,30 76,30 76,30 76,30 76,5 24,5 24,5 24,5 24,5 24,5 24,5 24,5 24,32 34,32 34,32 34,32 34,23 53,23 53,23 53,23 53,32 62,32 62,32 62,32 62,80 15,80 15,80 15,80 15,23 53,23 53,23 53,23 53,20 21,20 21,20 21,20 21,20 21,20 21,20 21,20 21,32 34,32 34,32 34,32 34,76 22,76 22,76 22,76 22,,,,,,,,,,,,,,,,
Aster,AsterPellegrinVMV,Lumisteria.MtVapius,,,,,,,,,70 14,70 14,,,70 14,70 14,,,,,,,,,,,,,,,,,,,,,,,,,,,,,,,,,,,,,,,,,,,,,,,,,,,,,,
snow,snow,Luoxue.npc,21 71,,,,21 71,,,,20 35,20 35,,,20 35,20 35,,,49 24,,49 24,,24 77,,24 77,,34 77,,34 77,,67 32,,67 32,,34 77,,34 77,,49 24,,,,49 24,,,,,,,,,,,,,,,,,,,,,,,,,,,
Beans,Beans,lusif1.BeansNPC,19 63,,,,19 63,,,,26 37,26 37,,,26 37,26 37,,,10 39,,10 39,,32 71,,32 71,,28 61,,28 61,,41 10,,41 10,,29 61,,29 61,,40 36,,,,40 36,,,,,,,,,,,,,,,,,,,,,,,,,,,
Sigurd,MadDog.HashtagBearFam.Sigurd,MadDog.HashtagBearFam,52 76,52 76,52 76,52 76,52 76,52 76,52 76,52 76,57 46,57 46,57 46,57 46,57 46,57 46,57 46,57 46,65 5,65 5,65 5,65 5,58 52,58 52,21 31,21 31,2 53,2 53,2 53,2 53,89 24,89 24,89 24,89 24,51 72,51 72,51 72,51 72,,,,,,,,,,,,,,,,,,,,,,,,,,,,,,,,
Sondra,MadDog.HashtagBearFam.Sondra,MadDog.HashtagBearFam,51 76,51 76,51 76,51 76,51 76,51 76,51 76,51 76,53 46,53 46,51 46,51 46,53 46,53 46,51 46,51 46,87 44,87 44,87 44,87 44,41 72,,46 35,,10 53,10 53,10 53,10 53,,,,,25 61,25 61,25 61,25 61,43 45,43 45,43 45,43 45,43 45,43 45,43 45,43 45,,,,,,,,,,,,,,,,,,,,,,,,
Jade,Jade,malic.cp.jadeNPC,24 63,25 63,,,24 63,25 63,,,10 42,15 31,,,10 42,15 31,,,82 39,,82 39,,21 64,,21 64,,6 23,,16 21,,71 17,65 34,63 49,65 47,24 62,,25 70,,27 13,24 13,,,27 13,24 13,,,,,,,,,,,,,,,,,,,,,,,,,,
Blanche,Blanche,MIDI.Blanche,35 66,21 73,,,35 66,21 73,,,4 37,16 21,,,4 37,16 21,,,82 39,,82 39,,48 90,,48 90,,27 53,,27 53,,65 19,79 33,65 19,79 33,25 62,,25 62,,48 19,46 18,,,48 19,46 18,,,,,,,,,,,,,,,,,,,,,,,,,,
Juniper,MR.Juniper,MidnightRose.PM,37 88,37 88,,,37 88,37 88,,,8 17,8 17,,,8 17,8 17,,,15 30,,15 30,,61 100,,61 100,,34 81,,34 81,,94 21,94 21,94 21,,53 96,,53 96,,18 29,18 29,,,18 29,18 29,,,15 30,15 30,,,,,,,,,,,,,,,,,,,53 96,,53 96,
Nino,Miihau.CatBoy_Nino,Miihau.CatBoy,26 53,33 65,,,26 53,33 65,,,19 24,19 31,,,19 24,19 31,,,43 11,,43 11,,27 61,,27 61,,32 11,,61 18,,67 22,70 42,67 22,70 48,26 68,,25 68,,27 14,30 11,,,27 14,30 11,,,26 19,26 19,,,,,,,,,,,,,,,,,,,26 68,,25 68,
Tantei,Tantei,milina.Tantei,46 58,46 58,,,46 58,46 58,,,5 30,5 30,,,5 30,5 30,,,27 25,,27 25,,30 83,,30 83,,26 53,,41 57,,87 40,87 40,81 49,,39 59,,23 74,,29 7,29 7,,,29 7,29 7,,,27 25,27 25,,,,,,,,,,,,,,,26 53,,41 57,,39 59,,23 74,
Richie,Richie,MrMrRogers.Richie,24 62,36 64,,,24 62,36 64,,,4 33,10 21,,,4 33,10 21,,,90 39,,90 39,,59 65,,59 65,,30 24,,30 24,,65 46,63 39,65 46,63 39,26 68,,26 68,,8 13,26 8,,,8 13,26 8,,,90 39,90 39,,,,,,,,,,,,,,,,,,,,,,
Kara,Kara,N3cro_92.KidsfortheSchool,,,,,,,,,,,,,,,,,,,,,,,,,,,,,56 51,56 51,56 51,56 51,,,,,,,,,,,,,,,,,,,,,,,,,,,,,,,,,,,,
Carnelian,Carnelian,New.Carnelian1.6,16 59,16 59,16 59,16 59,16 59,16 59,16 59,16 59,7 20,7 20,7 20,7 20,7 20,7 20,7 20,7 20,31 21,31 21,31 21,31 21,16 59,16 59,16 59,16 59,35 62,35 61,35 62,35 61,64 38,64 38,64 38,64 38,15 69,15 69,15 69,15 69,29 21,29 21,29 21,29 21,29 21,29 21,29 21,29 21,31 21,31 21,31 21,31 21,64 38,64 38,64 38,64 38,,,,,,,,,,,,,,,,
Cain,Cain,NPC.Cain1.6,,,,,,,,,,,,,,,,,,,,,,,,,,32 54,,32 54,,,,,,,,,,,,,,,,,,,,,,,,,,,,,,,,,,,,,,,,
Choso,Choso,OurpleKay.ChosoJJkNPC,16 59,,,,16 59,,,,33 37,33 37,,,33 37,33 37,,,88 40,,88 40,,41 87,41 88,41 87,41 88,10 28,31 22,10 28,31 22,66 27,77 26,66 27,77 26,30 79,,30 79,,31 14,31 14,,,31 14,,,,,,,,,,,,,,,,,,,,,,,,,,,
Nanami,Nanami,OurpleKay.NanamiJJkNPC,33 72,,,,33 72,,,,22 30,21 30,,,22 30,21 30,,,69 25,,69 25,,38 69,,38 69,,28 66,27 65,28 66,27 65,64 45,69 42,64 45,69 42,31 80,,31 80,,30 15,30 15,,,30 15,,,,,,,,,,,,,,,,,,,,,,,,,,,
Shiko,Shiko,Papaya.ShikoTakahashi,36 71,36 71,36 71,36 71,36 71,36 71,36 71,36 71,24 35,24 35,24 35,24 35,24 35,24 35,24 35,24 35,35 36,35 36,35 36,35 36,26 78,26 78,26 78,26 78,37 14,37 14,37 14,37 14,65 40,65 40,65 40,65 40,24 74,24 74,24 74,24 74,30 11,30 11,30 11,30 11,30 11,30 11,30 11,30 11,35 36,35 36,35 36,35 36,65 40,65 40,65 40,65 40,,,,,,,,,,,,,,,,
Reyla,RaffieJohn.Reyla,RaffieJohn.Reyla_ES,31 73,26 67,21 61,26 67,31 73,26 67,21 61,26 67,5 32,6 29,8 33,6 29,5 32,6 29,8 33,6 29,11 39,11 31,11 39,11 31,51 95,51 95,51 95,51 95,28 58,24 68,28 58,24 68,85 29,65 40,81 30,,18 51,18 51,18 51,18 51,43 19,43 19,44 13,44 13,43 19,43 19,44 13,44 13,,,,,85 29,65 40,81 31,,,,,,,,,,,,,,,,,
Lunna,Lunna,Rafseazz.LunnaCP,16 64,16 64,,,16 64,16 64,,,1 41,4 37,,,1 41,4 37,,,11 31,,11 31,,25 79,,25 79,,26 53,,26 53,,78 28,78 28,78 28,,39 59,,39 59,,44 20,44 20,,,44 20,44 20,,,11 31,11 31,,,,,,,,,,,,,,,,,,,,,,
Aguar,Aguar,Rafseazz.RSVCP,21 27,21 27,21 27,21 27,21 27,21 27,21 27,21 27,34 29,34 29,34 29,34 29,34 29,34 29,34 29,34 29,87 8,87 8,87 8,87 8,21 26,,13 37,,8 62,,8 62,,94 37,94 37,93 36,,12 11,12 11,12 11,12 11,92 12,92 12,92 12,92 12,92 12,92 12,92 12,92 12,,,,,,,93 36,,60 30,60 30,60 30,60 30,27 30,30 43,27 30,30 43,,,,,,,,
Alissa,Alissa,Rafseazz.RSVCP,42 28,42 28,42 28,42 28,42 28,42 28,42 28,42 28,29 17,29 17,29 17,29 17,29 17,29 17,29 17,29 17,86 34,86 34,86 34,86 34,38 61,,28 14,,16 64,,16 64,,58 45,58 45,53 53,,32 20,32 20,32 20,32 20,82 16,82 16,82 16,82 16,82 16,82 16,82 16,82 16,,,,,,,53 53,,109 45,78 42,109 45,78 42,36 32,44 46,36 32,44 46,,,,,,,,
Anton,Anton,Rafseazz.RSVCP,11 25,11 25,11 25,11 25,11 25,11 25,11 25,11 25,39 20,39 20,39 20,39 20,39 20,39 20,39 20,39 20,20 18,20 18,20 18,20 18,18 18,,17 17,,19 73,,19 73,,71 11,71 11,71 11,,14 19,14 19,14 19,14 19,86 14,86 14,86 14,86 14,86 14,86 14,86 14,86 14,,,,,,,71 11,,124 55,66 44,124 55,66 44,49 53,41 54,49 53,41 54,,,,,,,,
Ariah,Ariah,Rafseazz.RSVCP,20 34,20 34,20 34,20 34,20 34,20 34,20 34,20 34,33 17,33 17,33 17,33 17,33 17,33 17,33 17,33 17,42 21,42 21,42 21,42 21,32 24,,36 19,,20 65,,20 65,,70 21,70 21,70 21,,28 22,28 22,28 22,28 22,67 24,67 24,67 24,67 24,67 24,67 24,67 24,67 24,,,,,,,70 21,,104 53,84 40,104 53,84 40,36 53,32 48,36 53,32 48,,,,,,,,
Bert,Bert,Rafseazz.RSVCP,31 25,31 25,31 25,31 25,31 25,31 25,31 25,31 25,31 17,31 17,31 17,31 17,31 17,31 17,31 17,31 17,44 24,44 24,44 24,44 24,26 19,,23 19,,10 69,,10 69,,63 26,63 26,63 26,,27 16,27 16,27 16,27 16,79 20,79 20,79 20,79 20,79 20,79 20,79 20,79 20,,,,,,,63 26,,92 40,66 42,92 40,66 42,42 28,44 44,42 28,44 44,,,,,,,,
Blair,Blair,Rafseazz.RSVCP,41 36,41 36,41 36,41 36,41 36,41 36,41 36,41 36,30 20,30 20,30 20,30 20,30 20,30 20,30 20,30 20,50 22,50 22,50 22,50 22,27 29,,27 29,,11 61,,11 61,,73 13,73 13,73 13,,14 35,14 35,14 35,14 35,66 12,66 12,66 12,66 12,66 12,66 12,66 12,66 12,,,,,,,73 13,,109 54,77 42,109 54,77 42,52 46,34 42,52 46,34 42,,,,,,,,
Carmen,Carmen,Rafseazz.RSVCP,31 33,31 33,31 33,31 33,31 33,31 33,31 33,31 33,39 23,39 23,39 23,39 23,39 23,39 23,39 23,39 23,49 22,49 22,49 22,49 22,47 62,,34 14,,11 60,,11 60,,73 50,73 50,73 49,,16 35,16 35,16 35,16 35,77 13,77 13,77 13,77 13,77 13,77 13,77 13,77 13,,,,,,,73 49,,65 49,64 45,65 49,64 45,27 39,32 43,27 39,32 43,,,,,,,,
Corine,Corine,Rafseazz.RSVCP,25 22,25 22,25 22,25 22,25 22,25 22,25 22,25 22,43 17,43 17,43 17,43 17,43 17,43 17,43 17,43 17,36 22,36 22,36 22,36 22,23 13,,23 13,,21 59,,21 59,,64 19,64 19,62 21,,33 28,33 28,33 28,33 28,70 23,70 23,70 23,70 23,70 23,70 23,70 23,70 23,,,,,,,62 21,,111 47,69 41,111 47,69 41,29 47,35 47,29 47,35 47,,,,,,,,
Ezekiel,Ezekiel,Rafseazz.RSVCP,33 36,33 36,33 36,33 36,33 36,33 36,33 36,33 36,39 24,39 24,39 24,39 24,39 24,39 24,39 24,39 24,35 22,35 22,35 22,35 22,30 13,,26 14,,16 70,,16 70,,65 22,65 22,64 22,,35 28,35 28,35 28,35 28,76 10,76 10,76 10,76 10,76 10,76 10,76 10,76 10,,,,,,,64 22,,84 46,86 41,84 46,86 41,26 38,36 48,26 38,36 48,,,,,,,,
Faye,Faye,Rafseazz.RSVCP,13 27,13 27,13 27,13 27,13 27,13 27,13 27,13 27,35 22,35 22,35 22,35 22,35 22,35 22,35 22,35 22,54 20,54 20,54 20,54 20,15 13,,15 13,,13 62,,13 62,,92 27,92 27,92 27,,26 32,26 32,26 32,26 32,73 14,73 14,73 14,73 14,73 14,73 14,73 14,73 14,,,,,,,92 27,,110 45,80 41,110 45,80 41,51 33,37 51,51 33,37 51,,,,,,,,
Flor,Flor,Rafseazz.RSVCP,33 24,33 24,33 24,33 24,33 24,33 24,33 24,33 24,41 25,41 25,41 25,41 25,41 25,41 25,41 25,41 25,39 33,39 33,39 33,39 33,16 22,,16 22,,21 71,,21 71,,58 35,58 35,58 35,,35 34,35 34,35 34,35 34,69 18,69 18,69 18,69 18,69 18,69 18,69 18,69 18,,,,,,,58 35,,105 52,84 39,105 52,84 39,39 53,48 43,39 53,48 43,,,,,,,,
Freddie,Freddie,Rafseazz.RSVCP,36 32,36 32,36 32,36 32,36 32,36 32,36 32,36 32,34 26,34 26,34 26,34 26,34 26,34 26,34 26,34 26,6 6,6 6,6 6,6 6,25 22,,27 16,,11 73,,11 73,,80 33,80 33,80 33,,21 26,21 26,21 26,21 26,73 20,73 20,73 20,73 20,73 20,73 20,73 20,73 20,,,,,,,80 33,,69 53,84 45,69 53,84 45,32 36,48 49,32 36,48 49,,,,,,,,
Ian,Ian,Rafseazz.RSVCP,16 22,16 22,16 22,16 22,16 22,16 22,16 22,16 22,45 30,45 30,45 30,45 30,45 30,45 30,45 30,45 30,24 29,24 29,24 29,24 29,14 35,,14 35,,16 72,,16 72,,83 30,83 30,83 30,,42 27,42 27,42 27,42 27,73 9,73 9,73 9,73 9,73 9,73 9,73 9,73 9,,,,,,,83 30,,123 56,79 41,123 56,79 41,53 35,35 43,53 35,35 43,,,,,,,,
Irene,Irene,Rafseazz.RSVCP,29 29,29 29,29 29,29 29,29 29,29 29,29 29,29 29,44 19,44 19,44 19,44 19,44 19,44 19,44 19,44 19,43 21,43 21,43 21,43 21,37 26,,37 26,,21 65,,21 65,,82 28,82 28,82 28,,29 35,29 35,29 35,29 35,74 11,74 11,74 11,74 11,74 11,74 11,74 11,74 11,,,,,,,82 28,,108 52,81 44,108 52,81 44,40 31,38 51,40 31,38 51,,,,,,,,
Jeric,Jeric,Rafseazz.RSVCP,14 24,14 24,14 24,14 24,14 24,14 24,14 24,14 24,41 18,41 18,41 18,41 18,41 18,41 18,41 18,41 18,63 21,63 21,63 21,63 21,13 23,,13 23,,16 60,,16 60,,58 46,58 46,53 51,,39 35,39 35,39 35,39 35,73 23,73 23,73 23,73 23,73 23,73 23,73 23,73 23,,,,,,,53 51,,120 45,74 44,120 45,74 44,49 47,30 48,49 47,30 48,,,,,,,,
June,June,Rafseazz.RSVCP,,,,,,,,,,,,,,,,,,,,,27 9,,43 20,,22 62,,22 62,,52 36,60 34,64 46,,33 36,33 36,33 36,33 36,,,,,,,,,,,,,,,64 46,,85 42,78 41,85 42,78 41,50 34,30 47,50 34,30 47,,,,,,,,
Keahi,Keahi,Rafseazz.RSVCP,39 22,39 22,39 22,39 22,39 22,39 22,39 22,39 22,32 20,32 20,32 20,32 20,32 20,32 20,32 20,32 20,80 24,81 22,80 24,81 22,14 25,,14 25,,14 65,,14 65,,91 33,91 33,91 33,,41 14,41 14,41 14,41 14,86 18,86 18,86 18,86 18,86 18,86 18,86 18,86 18,,,,,,,91 33,,115 51,75 41,115 51,75 41,32 41,42 50,32 41,42 50,,,,,,,,
Kenneth,Kenneth,Rafseazz.RSVCP,32 31,32 31,32 31,32 31,32 31,32 31,32 31,32 31,37 22,37 22,37 22,37 22,37 22,37 22,37 22,37 22,86 30,86 30,86 30,86 30,24 15,,24 15,,14 71,,14 71,,78 44,78 44,79 44,,27 33,27 33,27 33,27 33,75 17,75 17,75 17,75 17,75 17,75 17,75 17,75 17,,,,,,,79 44,,122 51,84 38,122 51,84 38,45 28,45 42,45 28,45 42,,,,,,,,
Kiarra,Kiarra,Rafseazz.RSVCP,20 21,20 21,20 21,20 21,20 21,20 21,20 21,20 21,41 19,41 19,41 19,41 19,41 19,41 19,41 19,41 19,18 18,18 18,18 18,18 18,39 26,,39 26,,19 61,,19 61,,72 14,72 14,72 14,,18 19,18 19,18 19,18 19,82 10,82 10,82 10,82 10,82 10,82 10,82 10,82 10,,,,,,,72 14,,106 45,69 44,106 45,69 44,47 52,43 54,47 52,43 54,,,,,,,,
Kimpoi,Kimpoi,Rafseazz.RSVCP,,,,,,,,,,,,,,,,,86 33,86 33,86 33,86 33,29 17,,25 17,,13 69,,13 69,,57 44,57 44,57 44,,33 19,33 19,33 19,33 19,83 19,83 19,83 19,83 19,83 19,83 19,83 19,83 19,,,,,,,57 44,,88 44,86 45,88 44,86 45,27 44,45 48,27 44,45 48,,,,,,,,
Lenny,Lenny,Rafseazz.RSVCP,37 25,37 25,37 25,37 25,37 25,37 25,37 25,37 25,26 19,26 19,26 19,26 19,26 19,26 19,26 19,26 19,9 13,9 13,9 13,9 13,34 18,,33 18,,10 64,,10 64,,69 42,69 42,69 42,,23 34,23 34,23 34,23 34,80 8,80 8,80 8,80 8,80 8,80 8,80 8,80 8,,,,,,,69 42,,75 41,70 44,75 41,70 44,44 46,39 45,44 46,39 45,,,,,,,,
Lola,Lola,Rafseazz.RSVCP,37 32,37 32,37 32,37 32,37 32,37 32,37 32,37 32,35 26,35 26,35 26,35 26,35 26,35 26,35 26,35 26,7 6,7 6,7 6,7 6,26 22,,28 16,,12 73,,12 73,,80 34,80 34,80 34,,21 27,21 27,21 27,21 27,74 20,74 20,74 20,74 20,74 20,74 20,74 20,74 20,,,,,,,80 34,,66 52,85 44,66 52,85 44,34 34,48 50,34 34,48 50,,,,,,,,
Lorenzo,Lorenzo,Rafseazz.RSVCP,42 32,42 32,42 32,42 32,42 32,42 32,42 32,42 32,42 22,42 22,42 22,42 22,42 22,42 22,42 22,42 22,16 15,16 15,16 15,16 15,37 22,,37 22,,17 69,,17 69,,60 28,60 28,60 28,,16 18,16 18,16 18,16 18,77 19,77 19,77 19,77 19,77 19,77 19,77 19,77 19,,,,,,,60 28,,92 41,83 43,92 41,83 43,25 47,49 47,25 47,49 47,,,,,,,,
Louie,Louie,Rafseazz.RSVCP,25 35,25 35,25 35,25 35,25 35,25 35,25 35,25 35,34 20,34 20,34 20,34 20,34 20,34 20,34 20,34 20,39 21,39 21,39 21,39 21,16 26,,16 26,,15 66,,15 66,,87 28,87 28,87 28,,30 23,30 23,30 23,30 23,87 21,87 21,87 21,87 21,87 21,87 21,87 21,87 21,,,,,,,87 28,,115 49,71 41,115 49,71 41,32 39,33 47,32 39,33 47,,,,,,,,
Maddie,Maddie,Rafseazz.RSVCP,29 27,29 27,29 27,29 27,29 27,29 27,29 27,29 27,44 23,44 23,44 23,44 23,44 23,44 23,44 23,44 23,55 20,55 20,55 20,55 20,13 19,,13 19,,20 69,,20 69,,64 21,64 21,64 21,,39 34,39 34,39 34,39 34,83 24,83 24,83 24,83 24,83 24,83 24,83 24,83 24,,,,,,,64 21,,106 46,73 44,106 46,73 44,49 49,30 44,49 49,30 44,,,,,,,,
Maive,Maive,Rafseazz.RSVCP,23 34,23 34,23 34,23 34,23 34,23 34,23 34,23 34,37 26,37 26,37 26,37 26,37 26,37 26,37 26,37 26,41 21,41 21,41 21,41 21,32 16,,32 16,,17 66,,17 66,,71 21,71 21,71 21,,26 22,26 22,26 22,26 22,68 8,68 8,68 8,68 8,68 8,68 8,68 8,68 8,,,,,,,71 21,,77 42,89 45,77 42,89 45,53 40,34 48,53 40,34 48,,,,,,,,
Malaya,Malaya,Rafseazz.RSVCP,,,,,,,,,,,,,,,,,86 35,86 35,86 35,86 35,29 18,,25 18,,12 69,,12 69,,58 44,58 44,58 44,,34 20,34 20,34 20,34 20,82 19,82 19,82 19,82 19,82 19,82 19,82 19,82 19,,,,,,,58 44,,89 44,87 44,89 44,87 44,27 45,44 47,27 45,44 47,,,,,,,,
Olga,Olga,Rafseazz.RSVCP,41 26,41 26,41 26,41 26,41 26,41 26,41 26,41 26,30 17,30 17,30 17,30 17,30 17,30 17,30 17,30 17,45 24,45 24,45 24,45 24,27 19,,24 19,,9 69,,9 69,,61 26,61 26,61 26,,29 16,29 16,29 16,29 16,80 20,80 20,80 20,80 20,80 20,80 20,80 20,80 20,,,,,,,61 26,,85 50,67 42,85 50,67 42,34 44,44 45,34 44,44 45,,,,,,,,
Paula,Paula,Rafseazz.RSVCP,12 25,12 25,12 25,12 25,12 25,12 25,12 25,12 25,40 20,40 20,40 20,40 20,40 20,40 20,40 20,40 20,21 18,21 18,21 18,21 18,17 17,,16 16,,20 73,,20 73,,72 12,72 12,72 12,,15 20,15 20,15 20,15 20,84 14,84 14,84 14,84 14,84 14,84 14,84 14,84 14,,,,,,,72 12,,113 55,67 44,113 55,67 44,49 52,42 54,49 52,42 54,,,,,,,,
Philip,Philip,Rafseazz.RSVCP,33 29,33 29,33 29,33 29,33 29,33 29,33 29,33 29,31 24,31 24,31 24,31 24,31 24,31 24,31 24,31 24,68 24,66 24,68 24,66 24,21 15,,21 15,,9 72,,9 72,,78 23,78 23,78 23,,33 34,33 34,33 34,33 34,81 13,81 13,81 13,81 13,81 13,81 13,81 13,81 13,,,,,,,78 23,,117 48,64 41,117 48,64 41,32 32,49 45,32 32,49 45,,,,,,,,
Pika,Pika,Rafseazz.RSVCP,34 35,34 35,34 35,34 35,34 35,34 35,34 35,34 35,39 25,39 25,39 25,39 25,39 25,39 25,39 25,39 25,9 11,9 11,9 11,9 11,18 12,,18 12,,10 65,,10 65,,63 50,63 50,63 53,,40 14,40 14,40 14,40 14,85 11,85 11,85 11,85 11,85 11,85 11,85 11,85 11,,,,,,,63 53,,98 38,76 46,98 38,76 46,38 30,41 50,38 30,41 50,,,,,,,,
Richard,Richard,Rafseazz.RSVCP,36 34,36 34,36 34,36 34,36 34,36 34,36 34,36 34,38 22,38 22,38 22,38 22,38 22,38 22,38 22,38 22,90 21,90 21,90 21,90 21,32 19,,32 19,,12 64,,12 64,,62 49,62 49,61 53,,42 22,42 22,42 22,42 22,66 8,66 8,66 8,66 8,66 8,66 8,66 8,66 8,,,,,,,61 53,,90 45,86 42,90 45,86 42,51 39,44 52,51 39,44 52,,,,,,,,
Sean,Sean,Rafseazz.RSVCP,39 36,39 36,39 36,39 36,39 36,39 36,39 36,39 36,29 20,29 20,29 20,29 20,29 20,29 20,29 20,29 20,80 22,80 22,80 22,80 22,25 29,,25 29,,15 58,,15 58,,70 12,70 12,70 12,,41 29,41 29,41 29,41 29,64 12,64 12,64 12,64 12,64 12,64 12,64 12,64 12,,,,,,,70 12,,116 52,78 43,116 52,78 43,54 46,34 41,54 46,34 41,,,,,,,,
Shanice,Shanice,Rafseazz.RSVCP,40 32,40 32,40 32,40 32,40 32,40 32,40 32,40 32,41 22,41 22,41 22,41 22,41 22,41 22,41 22,41 22,17 15,17 15,17 15,17 15,39 22,,39 22,,16 68,,16 68,,60 29,60 29,60 29,,17 18,17 18,17 18,17 18,76 19,76 19,76 19,76 19,76 19,76 19,76 19,76 19,,,,,,,60 29,,91 42,82 43,91 42,82 43,26 47,49 48,26 47,49 48,,,,,,,,
Shiro,Shiro,Rafseazz.RSVCP,35 28,35 28,35 28,35 28,35 28,35 28,35 28,35 28,33 24,33 24,33 24,33 24,33 24,33 24,33 24,33 24,65 22,65 22,65 22,65 22,38 16,,21 18,,9 57,,9 57,,88 26,88 26,90 26,,11 24,11 24,11 24,11 24,88 17,88 17,88 17,88 17,88 17,88 17,88 17,88 17,,,,,,,90 26,,122 46,64 42,122 46,64 42,43 32,46 52,43 32,46 52,,,,,,,,
Sonny,Sonny,Rafseazz.RSVCP,24 33,24 33,24 33,24 33,24 33,24 33,24 33,24 33,38 26,38 26,38 26,38 26,38 26,38 26,38 26,38 26,40 20,40 20,40 20,40 20,31 16,,31 16,,19 66,,19 66,,72 21,72 21,72 21,,29 21,29 21,29 21,29 21,69 7,69 7,69 7,69 7,69 7,69 7,69 7,69 7,,,,,,,72 21,,78 43,90 44,78 43,90 44,54 41,35 49,54 41,35 49,,,,,,,,
Torts,Torts,Rafseazz.RSVCP,36 28,36 28,36 28,36 28,36 28,36 28,36 28,36 28,32 22,32 22,32 22,32 22,32 22,32 22,32 22,32 22,67 25,67 25,67 25,67 25,38 19,,19 19,19 19,9 59,,9 59,,77 41,74 41,89 26,,9 25,9 25,9 25,9 25,89 24,89 24,89 24,89 24,89 24,89 24,89 24,89 24,,,,,,,89 26,,115 44,65 40,115 44,65 40,41 33,48 51,41 33,48 51,,,,,,,,
Trinnie,Trinnie,Rafseazz.RSVCP,38 23,38 23,38 23,38 23,38 23,38 23,38 23,38 23,33 19,33 19,33 19,33 19,33 19,33 19,33 19,33 19,81 24,82 22,81 24,82 22,14 26,,14 26,,16 65,,16 65,,89 33,89 33,89 34,,28 16,28 16,28 16,28 16,86 20,86 20,86 20,86 20,86 20,86 20,86 20,86 20,,,,,,,89 34,,112 51,74 41,112 51,74 41,31 42,43 45,31 42,43 45,,,,,,,,
Ysabelle,Ysabelle,Rafseazz.RSVCP,27 22,27 22,27 22,27 22,27 22,27 22,27 22,27 22,42 17,42 17,42 17,42 17,42 17,42 17,42 17,42 17,91 21,91 21,91 21,91 21,22 13,,22 13,,20 58,,20 58,,63 20,63 20,63 20,,41 21,41 21,41 21,41 21,71 22,71 22,71 22,71 22,71 22,71 22,71 22,71 22,,,,,,,63 20,,106 50,70 41,106 50,70 41,31 47,43 52,31 47,43 52,,,,,,,,
Yuuma,Yuuma,Rafseazz.RSVCP,37 28,37 28,37 28,37 28,37 28,37 28,37 28,37 28,33 23,33 23,33 23,33 23,33 23,33 23,33 23,33 23,64 22,64 22,64 22,64 22,37 19,,20 19,,9 58,,9 58,,86 26,86 26,88 26,,9 24,9 24,9 24,9 24,88 19,88 19,88 19,88 19,88 19,88 19,88 19,88 19,,,,,,,88 26,,115 45,65 41,115 45,65 41,42 33,47 51,42 33,47 51,,,,,,,,
Aja,Aja,Rexstrife20.MineralTownCP,25 65,22 64,25 65,22 64,22 63,23 65,22 63,23 65,23 35,11 31,23 35,11 31,23 35,11 31,23 35,11 31,11 7,11 7,27 7,27 7,31 71,31 71,31 71,31 71,27 19,27 19,31 17,31 17,75 17,75 17,63 23,63 23,37 66,37 66,19 62,19 62,30 11,30 11,30 11,30 11,31 7,27 9,31 7,27 9,,,,,75 17,75 17,63 23,63 23,115 47,75 42,115 47,75 42,51 50,38 50,51 50,38 50,,,,,,,,
Ann,Ann,Rexstrife20.MineralTownCP,19 79,18 64,19 79,18 64,18 77,17 64,18 77,17 64,16 28,25 26,16 28,25 26,5 30,25 26,5 30,25 26,88 31,88 31,88 31,88 31,26 34,26 34,28 23,28 23,34 26,34 26,55 35,55 35,43 16,43 16,73 15,73 15,28 72,28 72,16 64,16 64,29 8,29 8,29 8,29 8,32 19,33 19,32 19,33 19,,,,,43 16,43 16,73 15,73 15,90 60,75 47,90 60,75 47,29 50,49 40,29 50,49 40,,,,,,,,
Anna,Anna,Rexstrife20.MineralTownCP,,,,,,,,,,,,,,,,,,,,,,,,,,,,,,,,,,,,,,,,,,,,,,,,,,,,,96 53,79 49,96 53,79 49,36 46,31 42,36 46,31 42,,,,,,,,
Barley,Barley,Rexstrife20.MineralTownCP,,,,,,,,,,,,,,,,,,,,,,,,,,,,,,,,,,,,,,,,,,,,,,,,,,,,,70 52,83 45,70 52,83 45,31 34,43 50,31 34,43 50,,,,,,,,
Basil,Basil,Rexstrife20.MineralTownCP,,,,,,,,,,,,,,,,,,,,,,,,,,,,,,,,,,,,,,,,,,,,,,,,,,,,,100 52,77 49,100 52,77 49,30 51,31 41,30 51,31 41,,,,,,,,
Carter,Carter,Rexstrife20.MineralTownCP,,,,,,,,,,,,,,,,,,,,,,,,,,,,,,,,,,,,,,,,,,,,,,,,,,,,,89 48,84 49,89 48,84 49,54 34,32 46,54 34,32 46,,,,,,,,
Cliff,Cliff,Rexstrife20.MineralTownCP,21 79,17 64,21 79,17 64,20 77,17 65,20 77,17 65,32 38,25 27,32 38,25 27,33 39,25 27,33 39,25 27,88 32,88 32,88 32,88 32,32 89,32 89,31 87,31 87,21 10,21 10,16 21,16 21,44 17,44 17,114 14,114 14,43 72,43 72,16 65,16 65,55 23,52 13,55 23,52 13,52 24,51 14,52 24,51 14,,,,,44 17,44 17,114 14,114 14,64 38,64 39,64 38,64 39,44 28,51 42,44 28,51 42,,,,,,,,
Doctor,Doctor,Rexstrife20.MineralTownCP,33 70,35 67,33 70,35 67,33 70,35 67,33 70,35 67,3 27,4 21,3 27,4 21,3 27,4 21,3 27,4 21,21 20,21 20,21 20,21 20,19 33,19 33,19 28,19 28,27 54,27 54,24 54,24 54,78 24,78 24,74 24,74 24,25 59,25 59,25 59,25 59,10 6,27 4,10 6,27 4,10 6,27 4,10 6,27 4,,,,,78 24,78 24,74 24,74 24,113 56,83 39,113 56,83 39,30 32,51 46,30 32,51 46,,,,,,,,
Doug,Doug,Rexstrife20.MineralTownCP,,,,,,,,,,,,,,,,,,,,,,,,,,,,,,,,,,,,,,,,,,,,,,,,,,,,,92 37,76 47,92 37,76 47,52 31,48 42,52 31,48 42,,,,,,,,
Duke,Duke,Rexstrife20.MineralTownCP,,,,,,,,,,,,,,,,,,,,,,,,,,,,,,,,,,,,,,,,,,,,,,,,,,,,,84 40,87 41,84 40,87 41,25 41,48 45,25 41,48 45,,,,,,,,
Ellen,Ellen,Rexstrife20.MineralTownCP,,,,,,,,,,,,,,,,,,,,,,,,,,,,,,,,,,,,,,,,,,,,,,,,,,,,,66 53,80 45,66 53,80 45,31 35,43 49,31 35,43 49,,,,,,,,
Elli,Elli,Rexstrife20.MineralTownCP,34 69,35 68,34 69,35 68,34 71,35 68,34 71,35 68,8 21,4 22,8 21,4 22,19 18,4 22,19 18,4 22,20 20,20 20,20 20,20 20,19 34,19 34,19 29,19 29,27 55,27 55,32 64,32 64,75 18,75 18,75 24,75 24,25 60,25 60,25 60,25 60,11 6,27 5,11 6,27 5,11 6,27 5,11 6,27 5,,,,,75 18,75 18,75 24,75 24,78 49,83 38,78 49,83 38,51 47,33 43,51 47,33 43,,,,,,,,
Gotz,Gotz,Rexstrife20.MineralTownCP,,,,,,,,,,,,,,,,,,,,,,,,,,,,,,,,,,,,,,,,,,,,,,,,,,,,,85 38,70 49,85 38,70 49,24 34,40 51,24 34,40 51,,,,,,,,
Gray,Gray,Rexstrife20.MineralTownCP,34 68,35 59,34 68,35 59,34 67,34 57,34 67,34 57,3 38,3 26,3 38,3 26,3 38,3 26,3 38,3 26,13 34,13 34,13 34,13 34,39 36,39 36,58 34,58 34,28 61,28 61,30 24,30 24,65 18,65 18,47 34,47 34,42 72,42 72,22 67,22 67,29 4,22 17,29 4,22 17,27 4,22 17,27 4,22 17,,,,,65 18,65 18,47 34,47 34,114 41,66 49,114 41,66 49,53 49,29 47,53 49,29 47,,,,,,,,
Harris,Harris,Rexstrife20.MineralTownCP,,,,,,,,,,,,,,,,,,,,,,,,,,,,,,,,,,,,,,,,,,,,,,,,,,,,,71 46,71 49,71 46,71 49,26 35,35 46,26 35,35 46,,,,,,,,
Jeff,Jeff,Rexstrife20.MineralTownCP,,,,,,,,,,,,,,,,,,,,,,,,,,,,,,,,,,,,,,,,,,,,,,,,,,,,,86 46,78 49,86 46,78 49,47 32,46 49,47 32,46 49,,,,,,,,
Kai,Kai,Rexstrife20.MineralTownCP,30 70,24 74,30 70,24 74,29 69,25 73,29 69,25 73,22 41,14 34,22 41,14 34,23 41,14 34,23 41,14 34,49 14,49 14,48 19,48 19,24 72,24 72,22 72,22 72,19 22,19 22,42 15,42 15,62 25,62 25,60 33,60 33,16 62,16 62,23 67,23 67,10 14,36 23,10 14,36 23,33 21,36 23,33 21,36 23,,,,,62 25,62 25,60 33,60 33,83 49,89 43,83 49,89 43,34 32,51 41,34 32,51 41,,,,,,,,
Karen,Karen,Rexstrife20.MineralTownCP,34 57,30 57,34 57,30 57,34 57,30 56,34 57,30 56,25 35,16 32,25 35,16 32,25 35,16 32,25 35,16 32,46 24,46 24,48 24,48 24,22 65,22 65,25 65,25 65,29 28,29 28,31 36,31 36,45 16,45 16,72 15,72 15,27 72,27 72,17 63,17 63,45 12,37 19,45 12,37 19,44 11,34 19,44 11,34 19,,,,,45 16,45 16,72 15,72 15,91 60,81 43,91 60,81 43,30 49,49 41,30 49,49 41,,,,,,,,
Lillia,Lillia,Rexstrife20.MineralTownCP,,,,,,,,,,,,,,,,,,,,,,,,,,,,,,,,,,,,,,,,,,,,,,,,,,,,,74 46,85 49,74 46,85 49,38 46,29 44,38 46,29 44,,,,,,,,
Manna,Manna,Rexstrife20.MineralTownCP,,,,,,,,,,,,,,,,,,,,,,,,,,,,,,,,,,,,,,,,,,,,,,,,,,,,,96 55,81 49,96 55,81 49,37 47,48 46,37 47,48 46,,,,,,,,
Marie,Marie,Rexstrife20.MineralTownCP,33 68,34 59,33 68,34 59,33 67,33 57,33 67,33 57,17 20,3 25,17 20,3 25,16 20,3 25,16 20,3 25,13 35,13 35,13 35,13 35,39 35,39 35,57 34,57 34,37 14,37 14,19 21,19 21,40 41,40 41,66 20,66 20,33 68,33 68,21 71,21 71,24 5,22 16,24 5,22 16,26 4,22 16,26 4,22 16,,,,,40 41,40 41,66 20,66 20,112 41,67 49,112 41,67 49,31 50,49 43,31 50,49 43,,,,,,,,
Mei,Mei,Rexstrife20.MineralTownCP,,,,,,,,,,,,,,,,,,,,,,,,,,,,,,,,,,,,,,,,,,,,,,,,,,,,,112 52,77 41,112 52,77 41,33 40,41 49,33 40,41 49,,,,,,,,
Nami,Nami,Rexstrife20.MineralTownCP,39 72,37 72,39 72,37 72,40 72,37 72,40 72,37 72,25 37,20 33,25 37,20 33,25 37,20 33,25 37,20 33,15 16,15 16,15 16,15 16,33 38,33 38,28 29,28 29,21 22,21 22,41 14,41 14,38 17,38 17,67 20,67 20,37 60,37 60,23 62,23 62,50 11,44 12,50 11,44 12,50 11,44 12,50 11,44 12,,,,,38 17,38 17,67 20,67 20,120 51,66 43,120 51,66 43,35 32,31 44,35 32,31 44,,,,,,,,
Popuri,Popuri,Rexstrife20.MineralTownCP,28 70,23 74,28 70,23 74,27 69,24 73,27 69,24 73,19 38,19 20,19 38,19 20,20 38,19 20,20 38,19 20,47 24,47 24,47 24,47 24,56 67,56 67,59 65,59 65,33 23,33 23,37 13,37 13,68 15,68 15,60 32,60 32,16 63,16 63,35 59,35 59,41 24,39 21,41 24,39 21,41 24,39 21,41 24,39 21,,,,,68 15,68 15,60 32,60 32,120 55,89 42,120 55,89 42,33 32,29 46,33 32,29 46,,,,,,,,
Rick,Rick,Rexstrife20.MineralTownCP,35 57,31 57,35 57,31 57,35 57,31 56,35 57,31 56,21 38,18 20,21 38,18 20,18 38,18 20,18 38,18 20,44 20,44 20,42 20,42 20,39 61,39 61,33 57,33 57,12 18,12 18,14 31,14 31,38 41,38 41,60 18,60 18,37 65,37 65,35 57,35 57,39 24,38 21,39 24,38 21,40 24,38 21,40 24,38 21,,,,,38 41,38 41,60 18,60 18,120 56,84 41,120 56,84 41,45 32,29 45,45 32,29 45,,,,,,,,
Saibara,Saibara,Rexstrife20.MineralTownCP,,,,,,,,,,,,,,,,,,,,,,,,,,,,,,,,,,,,,,,,,,,,,,,,,,,,,87 41,83 40,87 41,83 40,24 36,39 51,24 36,39 51,,,,,,,,
Sasha,Sasha,Rexstrife20.MineralTownCP,,,,,,,,,,,,,,,,,,,,,,,,,,,,,,,,,,,,,,,,,,,,,,,,,,,,,95 54,80 49,95 54,80 49,37 45,47 49,37 45,47 49,,,,,,,,
Stu,Stu,Rexstrife20.MineralTownCP,,,,,,,,,,,,,,,,,,,,,,,,,,,,,,,,,,,,,,,,,,,,,,,,,,,,,114 50,76 41,114 50,76 41,33 42,42 49,33 42,42 49,,,,,,,,
Tate,Tate,Rexstrife20.MineralTownCP,44 72,37 65,44 72,37 65,44 59,36 64,44 59,36 64,24 30,22 30,24 30,22 30,20 29,22 30,20 29,22 30,13 28,13 28,13 28,13 28,37 77,37 77,33 77,33 77,22 12,22 12,49 58,49 58,48 24,48 24,63 17,63 17,19 64,19 64,23 53,23 53,34 19,34 19,34 19,34 19,13 7,27 7,13 7,27 7,,,,,48 24,48 24,63 17,63 17,63 40,65 38,63 40,65 38,47 28,43 48,47 28,43 48,,,,,,,,
Thomas,Thomas,Rexstrife20.MineralTownCP,,,,,,,,,,,,,,,,,,,,,,,,,,,,,,,,,,,,,,,,,,,,,,,,,,,,,75 43,73 43,75 43,73 43,43 47,35 45,43 47,35 45,,,,,,,,
Won,Won,Rexstrife20.MineralTownCP,,,,,,,,,,,,,,,,,,,,,,,,,,,,,,,,,,,,,,,,,,,,,,,,,,,,,89 51,69 49,89 51,69 49,52 36,51 45,52 36,51 45,,,,,,,,
Zack,Zack,Rexstrife20.MineralTownCP,,,,,,,,,,,,,,,,,,,,,,,,,,,,,,,,,,,,,,,,,,,,,,,,,,,,,73 46,72 49,73 46,72 49,53 37,51 46,53 37,51 46,,,,,,,,
Cotton,rikai.Cotton_Cotton,rikai.Cotton,19 63,27 62,,,19 63,27 62,,,23 23,11 21,,,23 23,11 21,,,11 40,,11 40,,64 71,,64 71,,23 41,,23 41,,89 33,,89 33,,29 74,,29 74,,14 11,27 10,,,14 11,27 10,,,,,,,,,,,,,,,,,,,,,,,,,,
Sunny,Sunny,Rinser.Sunny.New,25 60,36 65,23 61,27 73,25 60,36 65,23 61,27 73,7 34,10 30,15 34,8 21,7 34,10 30,15 34,8 21,30 20,40 25,30 20,40 25,26 23,59 67,26 23,59 67,27 68,44 57,27 68,44 57,80 30,74 29,80 30,74 29,25 65,33 68,25 65,33 68,34 16,44 12,19 16,22 14,34 16,44 12,19 16,22 14,40 25,40 25,4 6,4 6,63 15,55 31,63 15,55 31,,,,,,,,,,,,,,,,
GuildDweller,ritzygen.adventurersguildextrashop_GuildDweller,ritzygen.adventurersguildextrashop,,,,,,,,,,,,,,,,,,,,,,,,,8 53,,8 53,,,,,,,,,,,,,,,,,,,,,,,,,,,,,,,,,,,,,,,,,
Gabriel,ritzygen.gabrielmod_Gabriel,ritzygen.gabrielmod,33 72,33 72,,,33 72,33 72,,,5 24,5 26,,,5 24,5 26,,,13 27,,13 27,,29 58,,29 58,,,,,,63 22,78 34,63 22,,34 79,,34 79,,40 23,40 23,,,40 23,40 23,,,13 27,13 27,,,,,,,,,,,,,,,,,,,,,,
Boothill,Boothill,Rumi.BoothnClem_mod,31 61,22 72,,,31 61,22 72,,,10 42,14 30,,,10 42,14 30,,,31 34,,31 34,,41 72,,41 72,,15 16,,15 16,,77 30,63 35,77 30,63 35,38 57,,38 57,,44 12,44 11,,,44 12,44 11,,,31 34,31 34,,,,,,,,,,,,,,,,,,,,,,
Clementine,Clementine,Rumi.BoothnClem_mod,30 62,26 67,,,30 62,26 67,,,11 42,15 30,,,11 42,15 30,,,25 36,,25 36,,43 79,,43 79,,14 19,,14 19,,80 28,64 38,80 28,64 38,28 59,,28 59,,44 13,44 12,,,44 13,44 12,,,25 36,25 36,,,,,,,,,,,,,,,,,,,,,,
Eugene,Eugene,SapieEugeneEnglish,32 55,,32 55,,32 55,,32 55,,27 14,27 14,29 17,29 17,27 14,27 14,29 17,29 17,92 19,92 19,92 19,92 19,49 89,49 89,49 89,49 89,24 62,24 62,24 62,24 62,14 42,14 42,14 42,,47 58,47 58,47 58,47 58,10 37,,10 37,,10 37,,10 37,,,,,,14 42,14 42,14 42,,,,,,,,,,,,,,,,,
Casper,saphCasper,sapphicsaph_casper,29 56,19 63,,,29 56,19 63,,,25 37,7 34,,,25 37,7 34,,,19 24,16 24,19 24,16 24,18 78,,18 78,,,,,,72 24,,72 24,,,,,,17 10,,9 13,,17 10,,9 13,,,,,,67 26,,67 26,,134 53,,,,,,,,,,,,,,,
Aida,AidaSaura,SauriConservationintheValley,33 76,33 76,,,33 76,33 76,,,25 36,3 30,,,25 36,3 30,,,39 24,,39 24,,39 63,,39 63,,24 62,,24 62,,61 45,63 29,61 45,,39 77,,39 77,,32 19,32 19,,,32 19,32 19,,,39 24,39 24,,,,,,,,,,,,,,,,,,,,,,
Maggi,MaggiSaura,SauriConservationintheValley,34 76,34 76,,,34 76,34 76,,,3 29,3 29,,,3 29,3 29,,,40 24,,40 24,,20 31,,20 31,,18 41,,18 41,,49 46,63 30,49 46,,39 78,,39 78,,51 24,36 13,,,51 24,36 13,,,40 24,40 24,,,,,,,,,,,,,,,,,,,,,,
Ripley,sdvhead.LawAndOrderSV_Ripley,sdvhead.LawAndOrderSV,,,,,,,,,,,,,,,,,,,,,,,,,40 32,63 31,39 31,63 31,,,,,,,,,,,,,,,,,,,,,,,,,,,,,,,,,,,,,,,,
Caleb,Caleb,Shiiteyan.Caleb,39 67,21 65,39 67,41 38,39 68,21 65,39 68,41 38,41 38,5 29,1 37,20 21,41 38,5 29,1 37,20 21,42 25,42 25,42 25,42 25,21 64,21 64,21 64,21 64,34 62,31 22,34 62,31 22,,,,,24 67,24 67,24 67,24 67,23 5,44 11,23 5,44 11,23 5,44 11,23 5,44 11,42 25,42 25,42 25,42 25,,,,,,,,,,,,,,,,,,,,
Thurstan,Thurstan,shuki.Thurstan1.6,44 60,36 62,44 60,36 62,44 60,36 62,44 60,36 62,25 41,25 41,25 41,25 41,25 41,25 41,25 41,25 41,20 20,20 20,20 20,20 20,43 85,43 87,43 85,43 87,34 62,34 62,34 62,34 62,74 16,74 16,74 16,74 16,25 62,34 59,25 62,34 59,30 11,30 11,30 11,30 11,30 11,30 11,30 11,30 11,20 20,20 20,20 20,20 20,74 16,74 16,74 16,74 16,,,,,,,,,,,,,,,,
Amina,AminaSBV,skellady.SBVCP,64 64,64 64,64 64,64 64,64 64,64 64,64 64,64 64,5 46,5 46,5 46,5 46,5 46,5 46,5 46,5 46,70 37,70 37,70 37,70 37,65 21,65 21,43 38,43 38,,,,,50 25,50 25,50 25,50 25,55 72,55 72,55 72,55 72,73 28,73 28,73 28,73 28,73 28,73 28,73 28,73 28,58 31,58 31,58 31,58 31,50 25,50 25,50 25,50 25,105 47,64 49,105 47,64 49,33 25,33 25,33 25,33 25,,,,,,,,
Ari,AriSBV,skellady.SBVCP,65 70,65 70,65 70,65 70,65 70,65 70,65 70,65 70,20 47,20 47,20 47,20 47,20 47,20 47,20 47,20 47,77 33,77 33,77 33,77 33,63 34,63 34,63 34,63 34,,,,,54 33,54 33,54 33,54 33,64 69,64 69,64 69,64 69,75 40,75 40,75 40,75 40,75 40,75 40,75 40,75 40,77 33,77 33,77 33,77 33,54 33,54 33,54 33,54 33,,,,,21 49,21 49,21 49,21 49,,,,,,,,
Blake,BlakeSBV,skellady.SBVCP,67 65,67 65,67 65,67 65,67 65,67 65,67 65,67 65,18 47,18 47,18 47,18 47,18 47,18 47,18 47,18 47,69 37,69 37,69 37,69 37,61 33,61 33,61 33,61 33,,,,,89 20,89 20,89 20,89 20,68 70,68 70,68 70,68 70,73 36,73 36,73 36,73 36,73 36,73 36,73 36,73 36,77 34,77 34,77 34,77 34,89 20,89 20,89 20,89 20,121 55,81 49,121 55,81 49,21 51,21 51,21 51,21 51,,,,,,,,
Derya,DeryaSBV,skellady.SBVCP,59 66,59 66,59 66,59 66,59 66,59 66,59 66,59 66,21 45,21 45,21 45,21 45,21 45,21 45,21 45,21 45,58 36,58 36,58 36,58 36,56 28,56 28,56 28,56 28,,,,,49 22,49 22,49 22,49 22,65 64,65 64,65 64,65 64,62 36,62 36,62 36,62 36,62 36,62 36,62 36,62 36,58 36,58 36,58 36,58 36,49 22,49 22,49 22,49 22,128 52,76 50,128 52,76 50,41 26,36 54,41 26,36 54,,,,,,,,
Diala,DialaSBV,skellady.SBVCP,59 67,59 67,59 67,59 67,59 67,59 67,59 67,59 67,20 45,20 45,20 45,20 45,20 45,20 45,20 45,20 45,58 35,58 35,58 35,58 35,55 28,55 28,55 28,55 28,,,,,48 22,48 22,48 22,48 22,64 64,64 64,64 64,64 64,61 36,61 36,61 36,61 36,61 36,61 36,61 36,61 36,58 35,58 35,58 35,58 35,48 22,48 22,48 22,48 22,99 53,75 50,99 53,75 50,40 26,35 54,40 26,35 54,,,,,,,,
Elias,EliasSBV,skellady.SBVCP,57 73,57 73,57 73,57 73,57 73,57 73,57 73,57 73,19 46,19 46,19 46,19 46,19 46,19 46,19 46,19 46,77 35,77 35,77 35,77 35,59 34,59 34,59 34,59 34,,,,,74 30,74 30,74 30,74 30,68 68,68 68,68 68,68 68,74 30,74 30,74 30,74 30,74 30,74 30,74 30,74 30,77 35,77 35,77 35,77 35,74 30,74 30,74 30,74 30,,,,,34 24,34 24,34 24,34 24,,,,,,,,
Ezra,EzraSBV,skellady.SBVCP,61 70,61 70,61 70,61 70,61 70,61 70,61 70,61 70,12 46,12 46,12 46,12 46,12 46,12 46,12 46,12 46,62 40,62 40,62 40,62 40,70 24,70 24,66 32,66 32,,,,,97 26,97 26,97 26,97 26,71 72,71 72,71 72,71 72,60 32,60 32,60 32,60 32,60 32,60 32,60 32,60 32,62 40,62 40,62 40,62 40,97 26,97 26,97 26,97 26,126 52,77 50,126 52,77 50,,,,,,,,,,,,
Iman,ImanSBV,skellady.SBVCP,62 70,62 70,62 70,62 70,62 70,62 70,62 70,62 70,13 46,13 46,13 46,13 46,13 46,13 46,13 46,13 46,63 40,63 40,63 40,63 40,69 24,69 24,65 32,65 32,,,,,96 26,96 26,96 26,96 26,72 72,72 72,72 72,72 72,58 30,58 30,58 30,58 30,58 30,58 30,58 30,58 30,63 40,63 40,63 40,63 40,96 26,96 26,96 26,96 26,,,,,,,,,,,,,,,,
Jumana,JumanaSBV,skellady.SBVCP,69 71,69 71,69 71,69 71,69 71,69 71,69 71,69 71,1 47,1 47,1 47,1 47,1 47,1 47,1 47,1 47,59 32,59 32,59 32,59 32,50 36,50 36,50 36,50 36,,,,,49 24,49 24,49 24,49 24,63 66,63 66,63 67,63 67,67 36,67 36,67 36,67 36,67 36,67 36,67 36,67 36,59 32,59 32,59 32,59 32,49 24,49 24,49 24,49 24,63 50,63 49,63 50,63 49,50 50,50 50,50 50,50 50,,,,,,,,
Lyenne,LyenneSBV,skellady.SBVCP,66 65,66 65,66 65,66 65,66 65,66 65,66 65,66 65,10 48,10 48,10 48,10 48,10 48,10 48,10 48,10 48,75 39,75 39,75 39,75 39,62 16,62 16,45 33,45 33,,,,,87 20,87 20,87 20,87 20,71 69,71 69,71 69,71 69,73 38,73 38,73 38,73 38,73 38,73 38,73 38,73 38,75 39,75 39,75 39,75 39,87 20,87 20,87 20,87 20,,,,,22 50,22 50,22 50,22 50,,,,,,,,
Maia,MaiaSBV,skellady.SBVCP,56 73,56 73,56 73,56 73,56 73,56 73,56 73,56 73,6 46,6 46,6 46,6 46,6 46,6 46,6 46,6 46,59 31,59 31,59 31,59 31,47 22,47 22,42 38,42 38,,,,,48 25,48 25,48 25,48 25,63 67,63 67,63 65,63 65,73 30,73 30,73 30,73 30,73 30,73 30,73 30,73 30,59 31,59 31,59 31,59 31,48 25,48 25,48 25,48 25,,,,,35 25,32 25,35 25,32 25,,,,,,,,
Miyoung,MiyoungSBV,skellady.SBVCP,70 72,70 72,70 72,70 72,70 72,70 72,70 72,70 72,3 48,3 48,3 48,3 48,3 48,3 48,3 48,3 48,60 39,60 39,60 39,60 39,49 34,49 34,49 35,49 35,,,,,53 54,53 54,53 54,53 54,62 65,62 65,59 66,59 66,66 36,66 36,66 36,66 36,66 36,66 36,66 36,66 36,60 39,60 39,60 39,60 39,53 54,53 54,53 54,53 54,71 50,67 51,71 50,67 51,46 55,46 55,46 55,46 55,,,,,,,,
Ophelia,OpheliaSBV,skellady.SBVCP,68 69,68 69,68 69,68 69,68 69,68 69,68 69,68 69,8 48,8 48,8 48,8 48,8 48,8 48,8 48,8 48,76 39,76 39,76 39,76 39,51 24,51 24,46 33,46 33,,,,,88 19,88 19,88 19,88 19,70 69,70 69,70 69,70 69,72 37,72 37,72 37,72 37,72 37,72 37,72 37,72 37,76 39,76 39,76 39,76 39,88 19,88 19,88 19,88 19,92 60,81 52,92 60,81 52,20 50,20 50,20 50,20 50,,,,,,,,
Silas,SilasSBV,skellady.SBVCP,68 72,68 72,68 72,68 72,68 72,68 72,68 72,68 72,4 48,4 48,4 48,4 48,4 48,4 48,4 48,4 48,59 39,59 39,59 39,59 39,51 22,51 22,51 36,51 36,,,,,54 54,54 54,54 54,54 54,61 65,61 65,59 65,59 65,74 40,74 40,74 40,74 40,74 40,74 40,74 40,74 40,59 39,59 39,59 39,59 39,54 54,54 54,54 54,54 54,,,,,47 55,47 55,47 55,47 55,,,,,,,,
Alec,SPB_Alec,SoftPandaBoi.CPAlecRevisited,25 59,25 60,,,25 59,25 60,,,25 34,23 22,,,25 34,23 22,,,78 25,,78 25,,39 32,,39 32,,37 63,,37 63,,57 22,,57 22,,16 64,,16 64,,37 6,37 6,,,37 6,37 6,,,78 25,78 25,,,,,,,,,,,,,,,,,,,,,,
Solaire,Solaire,SOLAIRE.doudz,21 72,,,,21 72,,,,15 20,13 31,,,15 20,13 31,,,25 36,,25 36,,27 77,,27 77,,27 53,,27 53,,70 50,,70 50,,38 57,,38 57,,9 14,,,,9 14,,,,,,,,,,,,,,,,,,,,,,,,,,,
Cambria,Otter.Cambria,Squeaks.MGC.CP,46 80,,,,46 80,,,,,,,,,,,,92 12,,92 12,,17 58,71 101,17 58,71 101,,,,,,,,,44 78,,44 78,,86 40,,,,86 40,,,,,,,,,,,,60 44,,,,52 50,,,,,,,,,,,
Eleanor,StrojvedouciDenis.Eleanor,StrojvedouciDenis.Eleanor,,,,,30 5,30 5,30 5,30 5,,,,,3 23,3 23,3 23,3 23,,,11 33,11 33,,,,47 88,,,12 57,12 57,,,30 12,,,,,14 64,,,,,11 20,30 5,30 5,11 20,,11 33,,11 33,,,30 12,,,,,,,,,,,,12 57,12 57,,,14 64,14 64
SuanNi,SuanNi,SuanNi,22 74,36 64,,,22 74,36 64,,,27 42,23 22,,,27 42,23 22,,,63 16,,63 16,,21 56,,21 56,,23 62,24 62,23 62,24 62,63 24,64 39,63 24,64 39,15 96,,15 96,,12 39,,14 39,,12 39,,14 39,,13 34,13 34,,,64 32,73 42,64 32,73 42,,,,,,,,,,,,,,,,
Aurelia,Aurelia,SYS.AB,27 62,,,,27 62,,,,9 21,,,,9 21,,,,14 24,,14 24,,23 54,,23 54,,23 67,,23 67,,73 47,,73 47,,38 60,,38 60,,35 7,,,,35 7,,,,,,,,,,,,,,,,,,,,,,,,,,,
Mike,Mike,SYS.mike,33 55,,23 58,,32 55,,23 58,,12 21,,4 30,,12 20,,4 29,,87 40,9 15,87 40,9 15,19 63,19 63,16 64,19 62,25 53,29 53,25 54,25 54,90 36,,88 34,,24 74,36 73,23 74,35 73,36 3,,36 3,,36 3,,36 3,,,,,,91 36,,85 34,,,,,,,,,,,,,,,,,
Tea,Tea,teanopi.TeaNPC,40 57,42 57,16 72,16 72,23 71,42 57,16 72,16 72,13 42,19 30,8 42,19 30,13 42,19 30,8 42,19 30,90 39,91 21,90 39,91 21,16 59,21 31,16 59,21 31,10 12,60 22,62 24,60 22,57 51,78 36,57 51,78 36,38 57,29 55,27 55,33 57,56 7,31 15,56 9,30 15,56 7,31 15,56 9,30 15,24 26,24 26,83 25,83 25,96 39,83 35,81 44,83 35,,,,,,,,,,,,,,,,
Dylan,Nova.Dylan,TenebrousNova.EliDylan.CP,45 78,38 75,45 78,38 75,45 78,38 75,45 78,38 75,46 45,9 32,46 45,9 32,46 45,9 32,46 45,9 32,53 24,93 46,43 24,93 46,62 65,48 89,62 65,48 89,23 54,24 22,23 54,24 22,66 12,63 32,66 12,,46 57,49 74,46 57,49 74,46 13,44 12,40 39,14 8,46 13,44 12,40 39,14 8,53 24,43 24,93 46,93 46,66 12,63 32,66 12,,62 46,88 44,,,52 53,26 49,,,,,,,,,,
Eli,Nova.Eli,TenebrousNova.EliDylan.CP,44 78,38 74,44 78,38 74,44 78,38 74,44 78,38 74,46 44,10 32,46 44,10 32,46 44,10 32,46 44,10 32,52 24,94 46,42 24,94 46,46 72,49 89,46 72,49 89,24 16,23 22,41 36,23 22,29 14,29 14,37 24,,47 57,50 74,47 57,50 74,22 25,44 11,22 25,14 9,22 25,44 11,22 25,14 9,52 24,42 24,94 46,94 46,29 14,29 14,37 24,,63 46,88 43,,,53 53,26 48,,,,,,,,,,
Biscuit,Biscuit,thatotterthing.Biscuit,16 65,16 65,,,16 65,16 65,,,17 34,,,,17 34,,,,39 31,,39 31,,18 78,,18 78,,37 22,,37 22,,77 30,,77 30,,46 59,,46 59,,27 9,12 21,,,27 9,12 21,,,29 36,29 36,,,,,,,,,,,,,,,,,,,,,,
Rodney,RodneyOBrien,TheFrenchDodo.WWWA,47 57,38 72,47 57,38 72,48 56,38 72,48 56,38 72,52 46,12 32,52 46,12 32,52 46,12 32,52 46,12 32,86 44,86 44,86 44,86 44,43 90,43 90,44 89,44 89,19 50,19 50,64 64,64 64,85 28,73 44,67 11,68 24,23 74,29 86,20 49,20 49,42 45,48 11,42 45,48 11,42 45,48 11,42 45,48 11,,,,,85 28,73 44,67 11,68 24,101 54,67 43,,,41 29,50 44,,,,,,,,,,
Ayeisha,Ayeisha,TheLimeyDragon.Ayeisha,81 -5,,81 -5,,81 -5,,81 -5,,,,,,,,,,,,,,107 66,107 66,107 66,107 66,101 90,101 90,101 90,101 90,,,,,,,,,,,,,,,,,,,,,,,,,,,,,,,,,,,,,,,,
JeanCat,JeanCat,tiakall.jortsandjean,30 62,24 76,32 62,,30 62,24 76,32 62,,34 42,,,,34 42,,,,29 13,,29 13,,25 37,67 66,29 22,,66 36,,68 56,,76 36,,76 36,,24 57,,24 58,,41 25,,,,41 25,,,,29 13,29 13,,,,,,,79 51,,,,39 34,,,,,,,,,,,
JortsCat,JortsCat,tiakall.jortsandjean,29 62,23 76,31 62,,29 62,23 76,31 62,,33 42,33 42,,,33 42,33 42,,,28 13,,28 13,,25 36,67 65,30 22,,67 36,,68 55,,75 36,,75 36,,24 56,,23 57,,42 25,,,,42 25,,,,28 13,28 13,,,,,,,78 51,,,,38 34,,,,,,,,,,,
Wren,WrenSong,tiakall.wren,61 71,61 71,,,61 71,61 71,,,,,,,,,,,57 29,,57 29,,65 26,,65 26,,25 53,,,,65 19,65 19,65 17,,62 70,,62 70,,58 35,,,,58 35,,,,57 29,57 29,,,,,,,114 42,,,,51 43,51 43,,,,,,,,,,
Miku,Miku,Tikamin557.CP.MikuModPlus,35 67,35 67,23 61,23 61,35 67,35 67,23 61,23 61,23 31,23 31,5 31,5 31,23 31,23 31,5 31,5 31,10 39,10 39,10 39,10 39,37 68,22 64,37 68,22 64,32 73,30 61,32 73,30 61,71 17,70 42,71 17,,27 65,35 73,27 65,35 73,27 13,27 13,16 9,16 9,27 13,27 13,16 9,16 9,10 39,10 39,10 39,10 39,75 19,71 25,75 19,,,,,,,,,,,,,,27 65,35 73,27 65,35 73
Fleurine,totsFleurine,tottlesfarm.fleurine,35 75,32 61,25 76,,35 75,32 61,25 76,,5 27,8 34,13 26,,5 27,8 34,13 26,,11 26,51 24,11 26,51 24,51 87,65 71,51 87,65 71,,,,,88 33,59 32,88 33,,36 73,33 65,36 73,33 65,18 10,23 23,13 11,,18 10,23 23,13 11,,39 33,39 33,,,85 40,,85 40,,,,,,,,,,,,,,,,,
Abigail,Abigail,Vanilla,,,,,,,,,,,,,,,,,,,,,,,,,,,,,,,,,,,,,,,,,,,,,,,,,,,,,,,,,,,,,,,,,,,,
Alex,Alex,Vanilla,,,,,,,,,,,,,,,,,,,,,,,,,,,,,,,,,,,,,,,,,,,,,,,,,,,,,,,,,,,,,,,,,,,,
Caroline,Caroline,Vanilla,,,,,,,,,,,,,,,,,,,,,,,,,,,,,,,,,,,,,,,,,,,,,,,,,,,,,,,,,,,,,,,,,,,,
Demetrius,Demetrius,Vanilla,,,,,,,,,,,,,,,,,,,,,,,,,,,,,,,,,,,,,,,,,,,,,,,,,,,,,,,,,,,,,,,,,,,,
Clint,Clint,Vanilla,,,,,,,,,,,,,,,,,,,,,,,,,,,,,,,,,,,,,,,,,,,,,,,,,,,,,,,,,,,,,,,,,,,,
Elliot,Elliot,Vanilla,,,,,,,,,,,,,,,,,,,,,,,,,,,,,,,,,,,,,,,,,,,,,,,,,,,,,,,,,,,,,,,,,,,,
Emily,Emily,Vanilla,,,,,,,,,,,,,,,,,,,,,,,,,,,,,,,,,,,,,,,,,,,,,,,,,,,,,,,,,,,,,,,,,,,,
Dwarf,Dwarf,Vanilla,,,,,,,,,,,,,,,,,,,,,,,,,,,,,,,,,,,,,,,,,,,,,,,,,,,,,,,,,,,,,,,,,,,,
George,George,Vanilla,,,,,,,,,,,,,,,,,,,,,,,,,,,,,,,,,,,,,,,,,,,,,,,,,,,,,,,,,,,,,,,,,,,,
Evelyn,Evelyn,Vanilla,,,,,,,,,,,,,,,,,,,,,,,,,,,,,,,,,,,,,,,,,,,,,,,,,,,,,,,,,,,,,,,,,,,,
Gus,Gus,Vanilla,,,,,,,,,,,,,,,,,,,,,,,,,,,,,,,,,,,,,,,,,,,,,,,,,,,,,,,,,,,,,,,,,,,,
Haley,Haley,Vanilla,,,,,,,,,,,,,,,,,,,,,,,,,,,,,,,,,,,,,,,,,,,,,,,,,,,,,,,,,,,,,,,,,,,,
Harvey,Harvey,Vanilla,,,,,,,,,,,,,,,,,,,,,,,,,,,,,,,,,,,,,,,,,,,,,,,,,,,,,,,,,,,,,,,,,,,,
Jas,Jas,Vanilla,,,,,,,,,,,,,,,,,,,,,,,,,,,,,,,,,,,,,,,,,,,,,,,,,,,,,,,,,,,,,,,,,,,,
Jodi,Jodi,Vanilla,,,,,,,,,,,,,,,,,,,,,,,,,,,,,,,,,,,,,,,,,,,,,,,,,,,,,,,,,,,,,,,,,,,,
Krobus,Krobus,Vanilla,,,,,,,,,,,,,,,,,,,,,,,,,,,,,,,,,,,,,,,,,,,,,,,,,,,,,,,,,,,,,,,,,,,,
Kent,Kent,Vanilla,,,,,,,,,,,,,,,,,,,,,,,,,,,,,,,,,,,,,,,,,,,,,,,,,,,,,,,,,,,,,,,,,,,,
Leah,Leah,Vanilla,,,,,,,,,,,,,,,,,,,,,,,,,,,,,,,,,,,,,,,,,,,,,,,,,,,,,,,,,,,,,,,,,,,,
Leo,Leo,Vanilla,,,,,,,,,,,,,,,,,,,,,,,,,,,,,,,,,,,,,,,,,,,,,,,,,,,,,,,,,,,,,,,,,,,,
Lewis,Lewis,Vanilla,,,,,,,,,,,,,,,,,,,,,,,,,,,,,,,,,,,,,,,,,,,,,,,,,,,,,,,,,,,,,,,,,,,,
Linus,Linus,Vanilla,,,,,,,,,,,,,,,,,,,,,,,,,,,,,,,,,,,,,,,,,,,,,,,,,,,,,,,,,,,,,,,,,,,,
Marlon,Marlon,Vanilla,,,,,,,,,,,,,,,,,,,,,,,,,,,,,,,,,,,,,,,,,,,,,,,,,,,,,,,,,,,,,,,,,,,,
Marnie,Marnie,Vanilla,,,,,,,,,,,,,,,,,,,,,,,,,,,,,,,,,,,,,,,,,,,,,,,,,,,,,,,,,,,,,,,,,,,,
Maru,Maru,Vanilla,,,,,,,,,,,,,,,,,,,,,,,,,,,,,,,,,,,,,,,33 4,33 4,,,33 4,33 4,,,,,,,,,,,,,,,,,,,,,,,,
Pam,Pam,Vanilla,,,,,,,,,,,,,,,,,,,,,,,,,,,,,,,,,,,,,,,,,,,,,,,,,,,,,,,,,,,,,,,,,,,,
Penny,Penny,Vanilla,,,,,,,,,,,,,,,,,,,,,,,,,,,,,,,,,,,,,,,,32 4,,,,32 4,,,,,,,,,,,,,,,,,,,,,,,,
Pierre,Pierre,Vanilla,,,,,,,,,,,,,,,,,,,,,,,,,,,,,,,,,,,,,,,,,,,,,,,,,,,,,,,,,,,,,,,,,,,,
Robin,Robin,Vanilla,,,,,,,,,,,,,,,,,,,,,,,,,,,,,,,,,,,,,,,,,,,,,,,,,,,,,,,,,,,,,,,,,,,,
Sam,Sam,Vanilla,,,,,,,,,,,,,,,,,,,,,,,,,,,,,,,,,,,,,,,,,,,,,,,,,,,,,,,,,,,,,,,,,,,,
Sandy,Sandy,Vanilla,,,,,,,,,,,,,,,,,,,,,,,,,,,,,,,,,,,,,,,,,,,,,,,,,,,,,,,,,,,,,,,,,,,,
Sebastian,Sebastian,Vanilla,,,,,,,,,,,,,,,,,,,,,,,,,,,,,,,,,,,,,,,,,,,,,,,,,,,,,,,,,,,,,,,,,,,,
Shane,Shane,Vanilla,,,,,,,,,,,,,,,,,,,,,,,,,,,,,,,,,,,,,,,,,,,,,,,,,,,,,,,,,,,,,,,,,,,,
Vincent,Vincent,Vanilla,,,,,,,,,,,,,,,,,,,,,,,,,,,,,,,,,,,,,,,,,,,,,,,,,,,,,,,,,,,,,,,,,,,,
Willy,Willy,Vanilla,,,,,,,,,,,,,,,,,,,,,,,,,,,,,,,,,,,,,,,,,,,,,,,,,,,,,,,,,,,,,,,,,,,,
Wizard,Wizard,Vanilla,,,,,,,,,,,,,,,,,,,,,,,,,,,,,,,,,,,,,,,,,,,,,,,,,,,,,,,,,,,,,,,,,,,,
Lumen,vickylchq.Lumen_Lumen,vickylchq.Lumen,17 58,31 75,37 60,21 62,17 58,31 75,37 60,21 62,33 37,3 27,25 27,20 30,33 37,3 27,25 27,20 30,24 35,11 20,24 35,11 20,27 62,38 70,27 62,38 70,34 62,19 40,34 62,19 40,61 30,61 30,61 30,61 30,19 75,23 57,19 75,23 57,27 21,41 18,49 16,30 14,27 21,41 18,49 16,30 14,29 34,29 34,29 34,29 34,76 15,77 25,76 15,77 25,100 42,83 46,,,31 52,51 47,,,,,,,,,,
Emet Selch,Visorlights.EmetSelch,Visorlights.EmetSelchCustomNPC,10 57,,,,10 57,,,,43 31,,,,43 31,,,,83 13,,83 13,,,,,,23 62,,23 62,,,,,,7 65,,7 65,,15 4,,,,15 4,,,,,,,,,,,,,,,,,,,,,,,,,,,
Constance,VoidWitchCult.CP.TheFishmongerNPC_TheFishmonger,VoidWitchCult.CP.TheFishmongerNPC,42 72,37 67,,,,,,,5 41,12 21,,,,,,,34 36,,,,33 89,,,,12 52,,12 55,33 57,52 30,52 30,77 38,77 38,33 57,,,,38 13,38 10,,,,,,,29 36,,,,52 30,52 30,77 38,77 38,,,,,,,,,,,,,,,,
Peeta,Peeta,Wem.Peeta,26 62,35 67,,,26 62,35 67,,,4 29,5 29,,,4 29,5 29,,,25 36,,25 36,,67 70,,67 70,,32 68,,32 68,,64 33,65 39,64 33,65 39,35 74,,35 74,,40 22,41 18,,,40 22,41 18,,,26 36,26 36,,,,,,,,,,,,,,,,,,,,,,
Rose,RoseSASS,Wildflour.SASS,66 68,66 68,,,66 68,66 68,,,31 46,31 46,,,31 46,31 46,,,67 40,,67 40,,61 29,,61 29,,,,,,63 50,63 50,63 50,,59 73,,59 73,,67 32,67 32,,,67 32,67 32,,,67 40,67 40,,,,,,,,,,,,,,,,,,,59 73,,59 73,
Wildflour,WildflourSASS,Wildflour.SASS,65 68,65 68,,,65 68,65 68,,,30 46,30 46,,,30 46,30 46,,,66 40,,66 40,,60 28,,60 28,,,,,,62 50,62 50,62 50,,59 72,,59 72,,66 32,66 32,,,66 32,66 32,,,66 40,66 40,,,,,,,,,,,,,,,,,,,59 72,,59 72,
Jane,Jane,woshi.Jane,16 52,,,,16 52,,,,25 20,25 20,,,25 20,25 20,,,11 30,,11 30,,37 71,,37 71,,28 67,,28 67,,74 17,,74 17,,41 58,,41 58,,37 31,,,,37 31,,,,,,,,,,,,,,,,,,,,,,,,,,,
Dobson,Dobson,YenaLoomer.CutCharacters,44 62,37 65,,,44 62,37 65,,,,,,,,,,,31 34,,31 34,,52 87,,52 87,,15 62,,15 62,,73 29,72 32,73 29,,,,,,29 4,33 10,,,29 4,33 10,,,31 34,31 34,,,,,,,,,,,,,,,15 62,,15 62,,,,,
Candi,Candi,YenaLoomer.CutCharacters,11 72,18 63,,,11 72,18 63,,,,,,,,,,,45 21,,45 21,,21 79,,21 79,,29 67,,29 67,,87 24,61 29,87 24,,,,,,41 11,41 12,,,41 11,41 12,,,45 21,45 21,,,,,,,,,,,,,,,29 67,,29 67,,,,,
Darla,Darla,YenaLoomer.CutCharacters,10 72,30 71,,,10 72,30 71,,,,,,,,,,,46 21,,46 21,,20 79,,20 79,,26 75,,26 75,,66 22,83 37,66 22,,,,,,25 14,24 23,,,25 14,24 23,,,46 21,46 21,,,,,,,,,,,,,,,26 75,,26 75,,,,,
Tobias,Tobias,YenaLoomer.CutCharacters,9 72,19 62,,,9 72,19 62,,,,,,,,,,,47 21,,47 21,,30 79,,30 79,,33 73,,33 73,,76 52,62 44,76 52,,,,,,32 7,32 7,,,32 7,32 7,,,47 21,47 21,,,,,,,,,,,,,,,33 73,,33 73,,,,,
Hiromi,Hiromi,yujihat.higuruma,45 78,,,,45 78,,,,10 42,10 42,,,10 42,10 42,,,34 36,,34 36,,,,,,25 68,,25 68,,,,,,45 78,,45 78,,52 22,52 22,,,52 22,,,,34 36,34 36,,,,,,,,,,,,,,,,,,,,,,
Yuji,Yuji,yujihat.yuji,30 56,,,,30 56,,,,2 39,2 39,,,2 39,2 39,,,10 39,,10 39,,,,,,19 50,,19 50,,,,,,36 78,,36 78,,29 15,29 15,,,29 15,,,,10 39,10 39,,,,,,,,,,,,,,,,,,,,,,
Ryomen,Ryomen,yujis-hat.heiansukuna,42 78,,,,42 78,,,,18 20,18 20,,,18 20,18 20,,,29 36,,29 36,,,,,,27 53,,27 53,,,,,,27 65,,27 65,,18 20,18 20,,,18 20,,,,29 36,29 36,,,,,,,,,,,,,,,,,,,,,,
Sukuna,Sukuna,YujisHat.Sukuna,24 78,,,,24 78,,,,22 31,22 31,,,22 31,22 31,,,25 36,,25 36,,,,,,31 62,,31 62,,,,,,32 68,,32 68,,53 25,53 25,,,53 25,,,,25 36,25 36,,,,,,,,,,,,,,,,,,,,,,
LuRen,LuRen,yuki9977.LuRen,51 60,51 60,,,51 60,51 60,,,25 20,25 20,,,25 20,25 20,,,29 34,,29 34,,36 38,,36 38,,10 12,,10 12,,61 51,61 51,61 51,,17 73,,17 73,,25 36,25 36,,,25 36,25 36,,,29 34,29 34,,,,,,,,,,,,,,,10 12,,10 12,,17 73,,17 73,
Masahi,Masahi,Yuyu.Masahi,29 62,,,,24 62,,,,1 40,,,,1 40,,,,11 29,,11 29,,26 63,,26 63,,32 69,,32 69,,65 40,69 27,63 49,69 27,33 57,,33 57,,26 15,33 15,,,26 15,,,,,,,,,,,,99 38,,,,45 25,,,,,,,,,,,